"Rk","Team","Overall","Home","Road","X3","X10","Oct","Nov","Dec","Jan","Feb","Mar","Apr","May","Season","Wins","Losses"
" 1","Los Angeles Lakers","67-15","36-5","31-10","8-1","34-7",NA,"11-4","14-1","9-5","12-1","15-1","6-3",NA,"2000","67","15"
" 2","Portland Trail Blazers","59-23","30-11","29-12","4-7","32-7",NA,"13-3","9-4","11-3","12-2","7-7","7-4",NA,"2000","59","23"
" 3","Indiana Pacers","56-26","36-5","20-21","8-5","28-13",NA,"8-7","12-2","8-6","11-2","9-7","8-2",NA,"2000","56","26"
" 4","Utah Jazz","55-27","31-10","24-17","7-8","31-9",NA,"8-6","10-4","9-5","8-5","14-2","6-5",NA,"2000","55","27"
" 5","Phoenix Suns","53-29","32-9","21-20","7-9","27-10",NA,"10-4","8-7","7-7","10-3","12-4","6-4",NA,"2000","53","29"
" 6","San Antonio Spurs","53-29","31-10","22-19","8-7","31-11",NA,"13-3","8-7","7-6","9-4","10-5","6-4",NA,"2000","53","29"
" 7","Miami Heat","52-30","33-8","19-22","9-2","26-15",NA,"11-3","8-6","8-7","9-5","9-5","7-4",NA,"2000","52","30"
" 8","Minnesota Timberwolves","50-32","26-15","24-17","11-4","23-15",NA,"7-5","6-9","12-3","7-7","12-4","6-4",NA,"2000","50","32"
" 9","New York Knicks","50-32","33-8","17-24","9-5","20-13",NA,"8-8","10-4","8-4","8-5","11-6","5-5",NA,"2000","50","32"
"10","Charlotte Hornets","49-33","30-11","19-22","7-5","24-16",NA,"8-6","10-5","6-7","7-7","9-6","9-2",NA,"2000","49","33"
"11","Philadelphia 76ers","49-33","29-12","20-21","17-8","18-14",NA,"8-8","9-7","7-5","7-5","11-5","7-3",NA,"2000","49","33"
"12","Seattle SuperSonics","45-37","24-17","21-20","8-7","22-17",NA,"11-4","7-8","10-5","7-6","6-8","4-6",NA,"2000","45","37"
"13","Toronto Raptors","45-37","26-15","19-22","13-4","20-20",NA,"9-6","8-6","7-7","6-6","10-7","5-5",NA,"2000","45","37"
"14","Sacramento Kings","44-38","30-11","14-27","3-6","28-16",NA,"10-2","7-8","10-6","5-8","9-6","3-8",NA,"2000","44","38"
"15","Detroit Pistons","42-40","27-14","15-26","6-6","21-16",NA,"7-8","8-6","7-8","6-6","8-7","6-5",NA,"2000","42","40"
"16","Milwaukee Bucks","42-40","23-18","19-22","11-7","18-17",NA,"8-6","9-7","8-7","3-9","6-8","8-3",NA,"2000","42","40"
"17","Orlando Magic","41-41","26-15","15-26","6-7","20-16",NA,"7-8","8-6","5-12","6-5","11-5","4-5",NA,"2000","41","41"
"18","Dallas Mavericks","40-42","22-19","18-23","6-7","18-19",NA,"5-11","4-10","8-5","7-6","7-9","9-1",NA,"2000","40","42"
"19","Boston Celtics","35-47","26-15","9-32","4-13","18-19",NA,"7-7","5-9","8-7","3-10","7-9","5-5",NA,"2000","35","47"
"20","Denver Nuggets","35-47","25-16","10-31","10-8","12-27",NA,"6-7","9-6","5-9","5-8","4-13","6-4",NA,"2000","35","47"
"21","Houston Rockets","34-48","22-19","12-29","6-7","16-22",NA,"4-11","6-9","7-7","5-8","5-10","7-3",NA,"2000","34","48"
"22","Cleveland Cavaliers","32-50","22-19","10-31","7-11","12-21",NA,"7-6","5-11","6-9","4-8","6-9","4-7",NA,"2000","32","50"
"23","New Jersey Nets","31-51","22-19","9-32","6-14","15-15",NA,"2-13","10-5","5-9","5-7","9-7","0-10",NA,"2000","31","51"
"24","Washington Wizards","29-53","17-24","12-29","2-10","15-22",NA,"5-10","5-10","4-10","2-10","10-7","3-6",NA,"2000","29","53"
"25","Atlanta Hawks","28-54","21-20","7-34","4-7","11-32",NA,"6-9","5-9","5-8","6-6","4-13","2-9",NA,"2000","28","54"
"26","Vancouver Grizzlies","22-60","12-29","10-31","5-10","10-33",NA,"3-11","3-12","6-8","6-7","1-14","3-8",NA,"2000","22","60"
"27","Golden State Warriors","19-63","12-29","7-34","2-4","10-39",NA,"2-11","4-12","3-9","7-8","1-16","2-7",NA,"2000","19","63"
"28","Chicago Bulls","17-65","12-29","5-36","6-9","3-38",NA,"1-12","1-13","6-8","4-10","2-14","3-8",NA,"2000","17","65"
"29","Los Angeles Clippers","15-67","10-31","5-36","3-5","3-47",NA,"4-10","5-10","2-12","1-14","2-13","1-8",NA,"2000","15","67"
" 1","San Antonio Spurs","58-24","33-8","25-16","3-7","40-6","1-0","9-4","9-7","9-4","9-4","14-3","7-2",NA,"2001","58","24"
" 2","Los Angeles Lakers","56-26","31-10","25-16","10-5","24-13","1-0","10-5","11-5","6-6","9-3","11-6","8-1",NA,"2001","56","26"
" 3","Philadelphia 76ers","56-26","29-12","27-14","6-4","26-12","1-0","11-2","9-6","13-3","9-5","7-6","6-4",NA,"2001","56","26"
" 4","Sacramento Kings","55-27","33-8","22-19","6-9","28-8","1-0","9-4","10-4","10-4","8-6","11-4","6-5",NA,"2001","55","27"
" 5","Dallas Mavericks","53-29","28-13","25-16","4-5","28-14","1-0","9-6","10-6","8-6","8-4","10-4","7-3",NA,"2001","53","29"
" 6","Utah Jazz","53-29","28-13","25-16","5-4","31-9","1-0","11-3","8-8","9-4","10-2","9-7","5-5",NA,"2001","53","29"
" 7","Milwaukee Bucks","52-30","31-10","21-20","3-7","20-12","0-1","6-8","10-4","11-4","8-4","11-5","6-4",NA,"2001","52","30"
" 8","Phoenix Suns","51-31","31-10","20-21","7-4","18-13","0-1","10-3","8-6","8-8","8-4","10-5","7-4",NA,"2001","51","31"
" 9","Miami Heat","50-32","29-12","21-20","9-9","18-12","","6-9","12-5","10-4","6-6","9-5","7-3",NA,"2001","50","32"
"10","Portland Trail Blazers","50-32","28-13","22-19","4-4","29-13","0-1","11-5","10-4","12-4","7-4","7-7","3-7",NA,"2001","50","32"
"11","New York Knicks","48-34","30-11","18-23","12-5","24-14","0-1","9-6","10-5","7-4","7-7","9-7","6-4",NA,"2001","48","34"
"12","Minnesota Timberwolves","47-35","30-11","17-24","7-4","22-14","1-0","7-7","9-7","12-4","5-6","8-6","5-5",NA,"2001","47","35"
"13","Toronto Raptors","47-35","27-14","20-21","6-7","26-15","0-1","8-6","7-8","9-7","7-5","9-5","7-3",NA,"2001","47","35"
"14","Charlotte Hornets","46-36","28-13","18-23","7-8","23-11","1-0","9-6","10-5","5-10","7-5","8-6","6-4",NA,"2001","46","36"
"15","Houston Rockets","45-37","24-17","21-20","4-10","25-14","0-1","9-6","5-8","8-8","9-4","9-6","5-4",NA,"2001","45","37"
"16","Seattle SuperSonics","44-38","26-15","18-23","10-4","20-18","0-1","8-8","9-5","9-8","3-7","12-5","3-4",NA,"2001","44","38"
"17","Orlando Magic","43-39","26-15","17-24","7-7","21-17","1-0","4-11","9-5","7-7","9-3","9-7","4-6",NA,"2001","43","39"
"18","Indiana Pacers","41-41","26-15","15-26","6-6","18-21","0-1","6-7","7-10","7-7","6-4","7-10","8-2",NA,"2001","41","41"
"19","Denver Nuggets","40-42","29-12","11-30","12-6","14-25","","8-8","8-7","10-5","4-9","5-10","5-3",NA,"2001","40","42"
"20","Boston Celtics","36-46","20-21","16-25","10-7","11-20","","7-8","5-10","7-8","6-6","8-7","3-7",NA,"2001","36","46"
"21","Detroit Pistons","32-50","18-23","14-27","2-3","16-17","1-0","5-9","7-9","4-11","4-7","5-10","6-4",NA,"2001","32","50"
"22","Los Angeles Clippers","31-51","22-19","9-32","5-8","13-25","0-1","5-10","5-10","3-12","7-7","7-7","4-4",NA,"2001","31","51"
"23","Cleveland Cavaliers","30-52","20-21","10-31","6-5","10-27","1-0","8-5","7-7","4-11","2-10","4-14","4-5",NA,"2001","30","52"
"24","New Jersey Nets","26-56","18-23","8-33","7-9","11-32","0-1","6-8","3-12","5-12","6-6","5-11","1-6",NA,"2001","26","56"
"25","Atlanta Hawks","25-57","18-23","7-34","5-4","10-25","0-1","3-12","7-7","6-8","2-12","5-11","2-6",NA,"2001","25","57"
"26","Vancouver Grizzlies","23-59","15-26","8-33","3-11","13-37","1-0","5-9","2-13","4-11","6-8","3-11","2-7",NA,"2001","23","59"
"27","Washington Wizards","19-63","12-29","7-34","3-7","4-31","0-1","4-11","2-13","6-10","1-10","5-10","1-8",NA,"2001","19","63"
"28","Golden State Warriors","17-65","11-30","6-35","6-5","6-40","1-0","4-11","5-9","4-11","2-11","1-13","0-10",NA,"2001","17","65"
"29","Chicago Bulls","15-67","10-31","5-36","3-4","3-37","0-1","2-12","3-12","1-13","3-9","3-13","3-7",NA,"2001","15","67"
" 1","Sacramento Kings","61-21","36-5","25-16","6-1","39-15","1-0","12-4","10-5","11-1","7-5","12-4","8-2",NA,"2002","61","21"
" 2","Los Angeles Lakers","58-24","34-7","24-17","7-5","33-10","1-0","13-1","7-5","10-6","8-5","13-4","6-3",NA,"2002","58","24"
" 3","San Antonio Spurs","58-24","32-9","26-15","7-7","34-7","1-0","9-4","11-3","8-8","7-6","13-3","9-0",NA,"2002","58","24"
" 4","Dallas Mavericks","57-25","30-11","27-14","6-6","31-11","1-0","9-6","11-3","12-4","7-4","11-5","6-3",NA,"2002","57","25"
" 5","New Jersey Nets","52-30","33-8","19-22","9-6","26-14","2-0","8-5","9-5","11-4","8-4","9-9","5-3",NA,"2002","52","30"
" 6","Detroit Pistons","50-32","26-15","24-17","9-8","19-14","0-1","10-4","5-8","8-7","9-3","12-6","6-3",NA,"2002","50","32"
" 7","Minnesota Timberwolves","50-32","29-12","21-20","9-5","27-12","1-0","9-4","10-5","11-5","8-4","6-10","5-4",NA,"2002","50","32"
" 8","Boston Celtics","49-33","27-14","22-19","8-9","19-13","1-1","6-5","11-5","8-8","5-7","11-6","7-1",NA,"2002","49","33"
" 9","Portland Trail Blazers","49-33","30-11","19-22","5-9","20-17","1-1","8-6","4-9","11-4","9-4","11-5","5-4",NA,"2002","49","33"
"10","Seattle SuperSonics","45-37","26-15","19-22","6-8","30-15","0-1","8-9","8-5","7-7","9-4","11-5","2-6",NA,"2002","45","37"
"11","Charlotte Hornets","44-38","21-20","23-18","6-6","17-16","1-0","6-8","6-9","8-6","7-6","10-5","6-4",NA,"2002","44","38"
"12","Orlando Magic","44-38","27-14","17-24","4-3","23-19","1-0","6-9","8-8","8-6","8-3","9-7","4-5",NA,"2002","44","38"
"13","Utah Jazz","44-38","25-16","19-22","6-7","21-14","0-1","6-9","10-5","8-7","8-3","9-7","3-6",NA,"2002","44","38"
"14","Philadelphia 76ers","43-39","22-19","21-20","3-5","19-13","0-1","7-6","5-11","11-4","5-6","10-7","5-4",NA,"2002","43","39"
"15","Indiana Pacers","42-40","25-16","17-24","5-5","21-19","1-1","8-8","9-6","6-8","4-6","8-7","6-4",NA,"2002","42","40"
"16","Toronto Raptors","42-40","24-17","18-23","13-7","16-16","0-2","10-4","6-8","11-5","2-11","6-8","7-2",NA,"2002","42","40"
"17","Milwaukee Bucks","41-41","25-16","16-25","4-8","17-19","1-0","8-4","9-6","9-7","6-6","5-11","3-7",NA,"2002","41","41"
"18","Los Angeles Clippers","39-43","25-16","14-27","4-8","19-22","0-1","7-8","8-5","9-9","5-7","8-7","2-6",NA,"2002","39","43"
"19","Washington Wizards","37-45","22-19","15-26","7-6","14-17","0-1","5-9","11-4","6-7","5-8","7-10","3-6",NA,"2002","37","45"
"20","Miami Heat","36-46","18-23","18-23","10-5","14-14","1-0","1-13","4-10","10-5","8-4","8-8","4-6",NA,"2002","36","46"
"21","Phoenix Suns","36-46","23-18","13-28","9-7","17-19","0-1","10-6","8-6","4-10","6-7","6-9","2-7",NA,"2002","36","46"
"22","Atlanta Hawks","33-49","23-18","10-31","9-8","8-26","0-1","6-10","5-8","3-12","6-6","9-7","4-5",NA,"2002","33","49"
"23","New York Knicks","30-52","19-22","11-30","7-10","7-24","1-0","7-8","5-9","5-8","2-10","7-10","3-7",NA,"2002","30","52"
"24","Cleveland Cavaliers","29-53","20-21","9-32","2-8","15-25","0-2","5-9","7-7","2-13","7-5","4-12","4-5",NA,"2002","29","53"
"25","Houston Rockets","28-54","18-23","10-31","10-15","5-20","1-0","6-9","2-13","6-9","5-5","6-10","2-8",NA,"2002","28","54"
"26","Denver Nuggets","27-55","20-21","7-34","11-8","9-30","1-0","6-9","3-10","3-11","3-8","6-12","5-5",NA,"2002","27","55"
"27","Memphis Grizzlies","23-59","15-26","8-33","7-6","6-35","","3-12","6-9","4-11","2-10","4-11","4-6",NA,"2002","23","59"
"28","Chicago Bulls","21-61","14-27","7-34","8-4","3-37","0-1","2-11","4-11","3-12","6-7","2-14","4-5",NA,"2002","21","61"
"29","Golden State Warriors","21-61","14-27","7-34","1-8","11-27","0-1","7-8","5-9","2-11","2-10","2-16","3-6",NA,"2002","21","61"
" 1","Dallas Mavericks","60-22","33-8","27-14","6-7","36-6","1-0","14-1","10-4","11-4","8-5","11-4","5-4",NA,"2003","60","22"
" 2","San Antonio Spurs","60-22","33-8","27-14","12-5","26-6","1-1","10-6","8-6","11-3","9-1","14-3","7-2",NA,"2003","60","22"
" 3","Sacramento Kings","59-23","35-6","24-17","11-2","31-11","2-0","11-5","10-4","10-6","8-3","11-4","7-1",NA,"2003","59","23"
" 4","Minnesota Timberwolves","51-31","33-8","18-23","5-3","21-15","1-0","8-8","8-6","10-6","12-1","7-8","5-2",NA,"2003","51","31"
" 5","Detroit Pistons","50-32","30-11","20-21","10-9","27-11","1-0","11-5","8-5","10-5","7-6","9-5","4-6",NA,"2003","50","32"
" 6","Los Angeles Lakers","50-32","31-10","19-22","8-5","26-14","0-2","6-9","7-8","8-4","11-3","11-5","7-1",NA,"2003","50","32"
" 7","Portland Trail Blazers","50-32","27-14","23-18","8-7","25-12","1-1","6-7","11-4","11-4","9-4","7-7","5-5",NA,"2003","50","32"
" 8","New Jersey Nets","49-33","33-8","16-25","2-7","31-8","1-0","10-6","12-3","9-5","6-7","8-7","3-5",NA,"2003","49","33"
" 9","Indiana Pacers","48-34","32-9","16-25","9-7","23-14","1-0","12-2","10-6","10-6","5-7","5-9","5-4",NA,"2003","48","34"
"10","Philadelphia 76ers","48-34","25-16","23-18","8-6","20-12","1-1","13-3","5-8","6-10","8-2","11-5","4-5",NA,"2003","48","34"
"11","New Orleans Hornets","47-35","29-12","18-23","7-7","19-11","1-0","10-5","7-10","6-8","9-4","8-6","6-2",NA,"2003","47","35"
"12","Utah Jazz","47-35","29-12","18-23","6-8","28-17","0-2","9-6","8-5","11-5","5-7","10-5","4-5",NA,"2003","47","35"
"13","Boston Celtics","44-38","25-16","19-22","6-7","18-19","0-2","10-3","9-7","7-8","7-5","7-9","4-4",NA,"2003","44","38"
"14","Phoenix Suns","44-38","30-11","14-27","7-8","16-16","0-1","8-6","11-5","8-9","4-6","7-8","6-3",NA,"2003","44","38"
"15","Houston Rockets","43-39","28-13","15-26","3-10","24-17","0-1","9-5","8-7","8-7","5-8","8-8","5-3",NA,"2003","43","39"
"16","Milwaukee Bucks","42-40","25-16","17-24","6-9","13-15","0-1","8-7","5-10","10-4","5-8","8-9","6-1",NA,"2003","42","40"
"17","Orlando Magic","42-40","26-15","16-25","8-9","19-16","2-0","8-7","8-8","6-9","5-6","10-5","3-5",NA,"2003","42","40"
"18","Seattle SuperSonics","40-42","25-16","15-26","7-10","15-17","1-0","8-8","7-7","4-9","6-7","9-6","5-5",NA,"2003","40","42"
"19","Golden State Warriors","38-44","24-17","14-27","3-6","13-19","1-0","5-11","6-7","8-7","8-5","8-8","2-6",NA,"2003","38","44"
"20","New York Knicks","37-45","24-17","13-28","9-11","8-14","0-1","4-9","6-7","10-8","5-8","7-9","5-3",NA,"2003","37","45"
"21","Washington Wizards","37-45","23-18","14-27","10-6","11-18","1-1","5-9","8-7","8-8","6-4","6-10","3-6",NA,"2003","37","45"
"22","Atlanta Hawks","35-47","26-15","9-32","10-8","11-28","1-1","7-8","4-9","6-11","4-8","7-8","6-2",NA,"2003","35","47"
"23","Chicago Bulls","30-52","27-14","3-38","6-5","12-34","1-0","3-12","7-8","6-9","4-10","5-9","4-4",NA,"2003","30","52"
"24","Memphis Grizzlies","28-54","20-21","8-33","5-7","14-23","0-1","2-13","7-8","4-10","5-7","8-9","2-6",NA,"2003","28","54"
"25","Los Angeles Clippers","27-55","16-25","11-30","9-7","9-24","0-1","6-10","6-8","5-10","2-9","4-12","4-5",NA,"2003","27","55"
"26","Miami Heat","25-57","16-25","9-32","4-6","12-27","0-1","4-11","7-7","5-11","3-9","4-13","2-5",NA,"2003","25","57"
"27","Toronto Raptors","24-58","15-26","9-32","7-7","6-30","1-0","4-10","3-13","4-11","5-4","6-11","1-9",NA,"2003","24","58"
"28","Cleveland Cavaliers","17-65","14-27","3-38","6-5","6-38","1-1","1-15","4-11","3-11","2-9","3-12","3-6",NA,"2003","17","65"
"29","Denver Nuggets","17-65","13-28","4-37","4-8","9-37","0-1","5-10","1-13","4-11","2-12","5-10","0-8",NA,"2003","17","65"
" 1","Indiana Pacers","61-21","34-7","27-14","7-6","30-8","1-1","13-2","9-7","12-3","8-3","12-4","6-1",NA,"2004","61","21"
" 2","Minnesota Timberwolves","58-24","31-10","27-14","6-6","34-6","1-1","8-7","11-2","12-3","11-4","9-7","6-0",NA,"2004","58","24"
" 3","San Antonio Spurs","57-25","33-8","24-17","6-8","38-5","1-1","8-7","13-2","9-8","8-2","11-5","7-0",NA,"2004","57","25"
" 4","Los Angeles Lakers","56-26","34-7","22-19","14-5","24-16","1-0","13-3","7-4","6-9","11-4","13-3","5-3",NA,"2004","56","26"
" 5","Sacramento Kings","55-27","34-7","21-20","5-4","29-9","2-0","10-4","9-4","12-4","10-3","9-7","3-5",NA,"2004","55","27"
" 6","Detroit Pistons","54-28","31-10","23-18","6-12","30-4","1-1","11-5","7-7","13-3","6-8","10-3","6-1",NA,"2004","54","28"
" 7","Dallas Mavericks","52-30","36-5","16-25","8-7","30-14","1-1","10-5","7-6","11-6","9-2","8-8","6-2",NA,"2004","52","30"
" 8","Memphis Grizzlies","50-32","31-10","19-22","10-6","18-7","0-1","7-7","8-9","10-4","10-3","13-2","2-6",NA,"2004","50","32"
" 9","New Jersey Nets","47-35","28-13","19-22","3-7","33-17","1-1","6-8","10-5","8-6","11-2","7-9","4-4",NA,"2004","47","35"
"10","Houston Rockets","45-37","27-14","18-23","8-6","21-13","1-0","8-7","8-7","9-6","8-5","8-6","3-6",NA,"2004","45","37"
"11","Denver Nuggets","43-39","29-12","14-27","3-9","23-19","1-1","9-5","9-7","9-8","5-7","6-9","4-2",NA,"2004","43","39"
"12","Miami Heat","42-40","29-12","13-28","6-7","20-21","0-3","5-9","8-7","8-8","4-8","12-3","5-2",NA,"2004","42","40"
"13","Utah Jazz","42-40","28-13","14-27","6-1","15-22","1-0","8-6","8-8","7-9","6-7","9-6","3-4",NA,"2004","42","40"
"14","Milwaukee Bucks","41-41","27-14","14-27","5-6","16-9","1-1","7-7","7-8","11-5","6-6","5-11","4-3",NA,"2004","41","41"
"15","New Orleans Hornets","41-41","25-16","16-25","9-5","18-17","2-0","9-6","9-6","6-9","6-6","5-11","4-3",NA,"2004","41","41"
"16","Portland Trail Blazers","41-41","25-16","16-25","8-5","11-21","0-1","8-6","7-8","6-9","8-6","9-6","3-5",NA,"2004","41","41"
"17","New York Knicks","39-43","23-18","16-25","6-6","16-22","0-1","7-9","7-9","8-8","4-8","9-5","4-3",NA,"2004","39","43"
"18","Golden State Warriors","37-45","27-14","10-31","7-7","16-21","0-1","8-6","6-9","6-9","5-8","8-8","4-4",NA,"2004","37","45"
"19","Seattle SuperSonics","37-45","21-20","16-25","6-7","17-23","2-0","6-6","7-8","7-9","5-9","7-9","3-4",NA,"2004","37","45"
"20","Boston Celtics","36-46","19-22","17-24","10-9","11-18","2-0","5-9","9-8","6-10","3-9","9-5","2-5",NA,"2004","36","46"
"21","Cleveland Cavaliers","35-47","23-18","12-29","8-4","11-25","0-2","4-11","6-9","7-7","7-6","8-7","3-5",NA,"2004","35","47"
"22","Philadelphia 76ers","33-49","21-20","12-29","6-6","13-23","1-1","8-8","5-9","6-9","4-9","8-7","1-6",NA,"2004","33","49"
"23","Toronto Raptors","33-49","18-23","15-26","10-10","9-22","2-0","6-8","8-6","5-9","4-11","5-10","3-5",NA,"2004","33","49"
"24","Phoenix Suns","29-53","18-23","11-30","5-5","9-26","1-1","6-7","5-12","5-12","3-9","6-8","3-4",NA,"2004","29","53"
"25","Atlanta Hawks","28-54","18-23","10-31","2-9","12-26","0-2","6-10","3-12","6-9","4-7","5-11","4-3",NA,"2004","28","54"
"26","Los Angeles Clippers","28-54","18-23","10-31","9-5","12-25","0-2","4-6","9-7","7-10","5-8","2-16","1-5",NA,"2004","28","54"
"27","Washington Wizards","25-57","17-24","8-33","3-4","13-34","1-1","5-9","2-11","6-10","4-8","5-13","2-5",NA,"2004","25","57"
"28","Chicago Bulls","23-59","14-27","9-32","2-5","8-32","1-1","3-11","5-10","4-13","4-7","4-12","2-5",NA,"2004","23","59"
"29","Orlando Magic","21-61","11-30","10-31","3-10","5-37","1-1","0-14","7-9","5-12","4-8","2-13","2-4",NA,"2004","21","61"
" 1","Phoenix Suns","62-20","31-10","31-10","7-2","36-8",NA,"12-2","13-2","11-6","7-4","11-3","8-3",NA,"2005","62","20"
" 2","Miami Heat","59-23","35-6","24-17","7-8","33-6",NA,"10-6","14-1","9-6","9-3","12-3","5-4",NA,"2005","59","23"
" 3","San Antonio Spurs","59-23","38-3","21-20","9-7","40-5",NA,"12-3","13-3","12-4","6-3","10-5","6-5",NA,"2005","59","23"
" 4","Dallas Mavericks","58-24","29-12","29-12","8-4","28-10",NA,"10-6","9-4","9-4","10-3","10-6","10-1",NA,"2005","58","24"
" 5","Detroit Pistons","54-28","32-9","22-19","8-8","26-14",NA,"7-7","8-6","11-5","9-1","9-8","10-1",NA,"2005","54","28"
" 6","Seattle SuperSonics","52-30","26-15","26-15","7-5","25-15",NA,"13-3","9-3","8-7","8-3","11-6","3-8",NA,"2005","52","30"
" 7","Houston Rockets","51-31","26-15","25-16","12-6","28-11",NA,"6-10","9-5","10-6","7-3","12-4","7-3",NA,"2005","51","31"
" 8","Sacramento Kings","50-32","30-11","20-21","10-7","20-15",NA,"9-5","9-4","12-4","6-8","8-8","6-3",NA,"2005","50","32"
" 9","Denver Nuggets","49-33","31-10","18-23","8-4","25-18",NA,"8-6","6-9","5-10","8-4","12-2","10-2",NA,"2005","49","33"
"10","Chicago Bulls","47-35","27-14","20-21","7-5","15-15",NA,"1-10","8-7","13-3","7-4","11-7","7-4",NA,"2005","47","35"
"11","Boston Celtics","45-37","27-14","18-23","11-7","16-14",NA,"5-8","8-8","8-8","8-4","9-5","7-4",NA,"2005","45","37"
"12","Memphis Grizzlies","45-37","26-15","19-22","7-11","23-12",NA,"5-10","9-7","12-3","5-5","8-6","6-6",NA,"2005","45","37"
"13","Washington Wizards","45-37","29-12","16-25","14-6","16-16",NA,"7-5","8-8","11-4","5-7","9-6","5-7",NA,"2005","45","37"
"14","Indiana Pacers","44-38","25-16","19-22","9-9","18-12",NA,"10-4","5-9","5-10","8-4","9-7","7-4",NA,"2005","44","38"
"15","Minnesota Timberwolves","44-38","24-17","20-21","5-6","16-15",NA,"8-5","8-6","8-9","4-9","10-5","6-4",NA,"2005","44","38"
"16","Philadelphia 76ers","43-39","25-16","18-23","10-4","13-15",NA,"6-7","7-8","8-8","5-6","9-7","8-3",NA,"2005","43","39"
"17","New Jersey Nets","42-40","24-17","18-23","7-4","19-26",NA,"3-11","7-7","8-8","7-6","9-6","8-2",NA,"2005","42","40"
"18","Cleveland Cavaliers","42-40","29-12","13-28","4-5","27-20",NA,"9-5","8-7","9-5","5-7","6-9","5-7",NA,"2005","42","40"
"19","Los Angeles Clippers","37-45","27-14","10-31","4-13","15-19",NA,"9-6","4-9","9-8","3-9","7-8","5-5",NA,"2005","37","45"
"20","Orlando Magic","36-46","24-17","12-29","10-5","10-22",NA,"8-5","7-7","9-8","4-7","6-10","2-9",NA,"2005","36","46"
"21","Golden State Warriors","34-48","20-21","14-27","4-10","14-22",NA,"3-10","8-8","1-14","4-7","10-6","8-3",NA,"2005","34","48"
"22","Los Angeles Lakers","34-48","22-19","12-29","6-10","11-23",NA,"9-6","6-6","8-7","5-8","5-11","1-10",NA,"2005","34","48"
"23","New York Knicks","33-49","22-19","11-30","9-11","13-17",NA,"7-6","9-7","2-13","6-7","5-8","4-8",NA,"2005","33","49"
"24","Toronto Raptors","33-49","22-19","11-30","6-9","16-21",NA,"7-9","3-12","8-6","6-5","5-10","4-7",NA,"2005","33","49"
"25","Milwaukee Bucks","30-52","23-18","7-34","8-8","10-21",NA,"4-8","5-9","6-10","8-4","4-13","3-8",NA,"2005","30","52"
"26","Portland Trail Blazers","27-55","18-23","9-32","8-5","9-21",NA,"8-6","5-8","4-11","5-7","2-14","3-9",NA,"2005","27","55"
"27","Utah Jazz","26-56","18-23","8-33","6-10","13-31",NA,"8-7","3-12","4-11","4-7","3-12","4-7",NA,"2005","26","56"
"28","Charlotte Bobcats","18-64","14-27","4-37","5-16","6-29",NA,"3-10","4-9","2-13","2-10","4-13","3-9",NA,"2005","18","64"
"29","New Orleans Hornets","18-64","11-30","7-34","6-11","3-31",NA,"1-12","1-14","6-10","3-9","5-9","2-10",NA,"2005","18","64"
"30","Atlanta Hawks","13-69","9-32","4-37","2-8","3-43",NA,"2-12","3-11","4-11","1-11","1-15","2-9",NA,"2005","13","69"
" 1","Detroit Pistons","64-18","37-4","27-14","7-4","32-8",NA,"11-2","13-2","13-2","10-3","11-5","6-4",NA,"2006","64","18"
" 2","San Antonio Spurs","63-19","34-7","29-12","10-2","31-11",NA,"11-3","13-4","11-3","9-2","12-4","7-3",NA,"2006","63","19"
" 3","Dallas Mavericks","60-22","34-7","26-15","11-6","28-10",NA,"10-4","12-4","13-2","10-1","9-8","6-3",NA,"2006","60","22"
" 4","Phoenix Suns","54-28","31-10","23-18","0-7","34-9",NA,"8-5","11-5","10-6","9-1","11-6","5-5",NA,"2006","54","28"
" 5","Miami Heat","52-30","31-10","21-20","8-4","27-11",NA,"9-6","9-7","10-5","8-2","12-3","4-7",NA,"2006","52","30"
" 6","Cleveland Cavaliers","50-32","31-10","19-22","9-4","20-11",NA,"10-4","8-6","8-7","6-8","10-4","8-3",NA,"2006","50","32"
" 7","Memphis Grizzlies","49-33","30-11","19-22","6-10","30-13",NA,"10-5","9-5","7-8","5-8","10-6","8-1",NA,"2006","49","33"
" 8","New Jersey Nets","49-33","29-12","20-21","8-6","21-17",NA,"7-8","10-4","6-8","8-5","12-3","6-5",NA,"2006","49","33"
" 9","Los Angeles Clippers","47-35","27-14","20-21","6-5","24-19",NA,"10-5","6-7","9-5","7-6","10-6","5-6",NA,"2006","47","35"
"10","Los Angeles Lakers","45-37","27-14","18-23","7-9","25-15",NA,"5-8","10-6","9-6","5-8","10-7","6-2",NA,"2006","45","37"
"11","Denver Nuggets","44-38","26-15","18-23","12-8","22-20",NA,"8-8","6-9","11-5","5-5","11-5","3-6",NA,"2006","44","38"
"12","Sacramento Kings","44-38","27-14","17-24","6-5","21-21",NA,"7-8","5-9","7-9","7-4","11-6","7-2",NA,"2006","44","38"
"13","Washington Wizards","42-40","27-14","15-26","5-8","24-16",NA,"7-7","5-9","9-6","8-4","8-8","5-6",NA,"2006","42","40"
"14","Chicago Bulls","41-41","21-20","20-21","6-10","14-16",NA,"7-6","5-11","8-7","5-7","7-9","9-1",NA,"2006","41","41"
"15","Indiana Pacers","41-41","27-14","14-27","4-10","26-14",NA,"9-5","6-7","6-10","7-3","7-11","6-5",NA,"2006","41","41"
"16","Utah Jazz","41-41","22-19","19-22","7-2","17-23",NA,"6-9","8-7","7-8","6-5","7-9","7-3",NA,"2006","41","41"
"17","Milwaukee Bucks","40-42","25-16","15-26","11-6","15-18",NA,"7-6","9-5","7-10","6-7","7-8","4-6",NA,"2006","40","42"
"18","New Orleans/Oklahoma City Hornets","38-44","24-17","14-27","7-5","14-28",NA,"7-7","5-10","10-5","9-4","3-11","4-7",NA,"2006","38","44"
"19","Philadelphia 76ers","38-44","23-18","15-26","9-7","12-21",NA,"8-8","7-7","8-7","5-6","5-10","5-6",NA,"2006","38","44"
"20","Orlando Magic","36-46","26-15","10-31","4-6","15-19",NA,"7-7","5-8","6-9","2-12","9-8","7-2",NA,"2006","36","46"
"21","Seattle SuperSonics","35-47","22-19","13-28","4-4","15-24",NA,"6-8","7-8","5-10","4-10","7-7","6-4",NA,"2006","35","47"
"22","Golden State Warriors","34-48","21-20","13-28","7-14","12-22",NA,"11-6","6-8","3-9","4-9","6-9","4-7",NA,"2006","34","48"
"23","Houston Rockets","34-48","15-26","19-22","7-9","13-19",NA,"4-11","6-7","5-11","10-3","7-8","2-8",NA,"2006","34","48"
"24","Boston Celtics","33-49","21-20","12-29","9-10","15-17",NA,"6-8","6-9","6-10","5-6","7-9","3-7",NA,"2006","33","49"
"25","Minnesota Timberwolves","33-49","24-17","9-32","4-10","16-19",NA,"7-6","7-7","7-9","3-10","6-10","3-7",NA,"2006","33","49"
"26","Toronto Raptors","27-55","15-26","12-29","5-11","12-20",NA,"1-15","7-7","7-8","5-6","6-10","1-9",NA,"2006","27","55"
"27","Atlanta Hawks","26-56","18-23","8-33","12-12","7-22",NA,"2-12","5-9","5-10","6-6","4-12","4-7",NA,"2006","26","56"
"28","Charlotte Bobcats","26-56","17-24","9-32","5-7","10-26",NA,"5-11","5-9","1-15","4-8","5-10","6-3",NA,"2006","26","56"
"29","New York Knicks","23-59","15-26","8-33","8-6","7-32",NA,"5-9","2-12","7-9","1-11","4-11","4-7",NA,"2006","23","59"
"30","Portland Trail Blazers","21-61","15-26","6-35","7-4","4-42",NA,"5-9","5-10","6-8","2-11","2-13","1-10",NA,"2006","21","61"
" 1","Dallas Mavericks","67-15","36-5","31-10","12-3","36-9","","11-4","13-3","14-2","10-0","13-2","6-4",NA,"2007","67","15"
" 2","Phoenix Suns","61-21","33-8","28-13","5-4","32-4","0-1","8-5","13-2","15-1","8-5","10-4","7-3",NA,"2007","61","21"
" 3","San Antonio Spurs","58-24","31-10","27-14","3-5","35-7","","11-5","12-3","9-7","7-3","13-2","6-4",NA,"2007","58","24"
" 4","Detroit Pistons","53-29","26-15","27-14","6-10","24-7","","10-5","8-6","8-7","10-1","10-7","7-3",NA,"2007","53","29"
" 5","Houston Rockets","52-30","28-13","24-17","4-4","25-13","","10-5","9-7","10-4","6-6","12-4","5-4",NA,"2007","52","30"
" 6","Utah Jazz","51-31","31-10","20-21","10-10","26-11","","13-4","9-5","8-8","8-2","9-6","4-6",NA,"2007","51","31"
" 7","Cleveland Cavaliers","50-32","30-11","20-21","9-7","25-11","","9-6","8-6","9-7","7-5","11-5","6-3",NA,"2007","50","32"
" 8","Chicago Bulls","49-33","31-10","18-23","9-9","28-15","1-0","4-9","14-3","7-8","7-7","10-4","6-2",NA,"2007","49","33"
" 9","Toronto Raptors","47-35","30-11","17-24","11-6","23-18","","5-10","8-8","10-5","9-3","8-6","7-3",NA,"2007","47","35"
"10","Denver Nuggets","45-37","23-18","22-19","3-7","23-17","","8-5","8-7","6-9","6-7","7-8","10-1",NA,"2007","45","37"
"11","Miami Heat","44-38","27-14","17-24","13-6","16-22","0-1","6-8","7-8","7-8","8-4","11-4","5-5",NA,"2007","44","38"
"12","Golden State Warriors","42-40","30-11","12-29","8-8","26-21","","9-7","7-9","5-9","5-8","8-6","8-1",NA,"2007","42","40"
"13","Los Angeles Lakers","42-40","25-16","17-24","5-4","18-16","1-0","9-5","10-6","8-7","5-7","5-9","4-6",NA,"2007","42","40"
"14","New Jersey Nets","41-41","24-17","17-24","6-8","17-17","","6-9","7-9","9-6","6-6","6-9","7-2",NA,"2007","41","41"
"15","Washington Wizards","41-41","26-15","15-26","12-7","19-16","","5-9","12-4","10-5","4-7","7-8","3-8",NA,"2007","41","41"
"16","Orlando Magic","40-42","25-16","15-26","10-7","20-19","","12-4","6-10","6-8","4-9","6-8","6-3",NA,"2007","40","42"
"17","Los Angeles Clippers","40-42","25-16","15-26","5-6","20-25","","7-7","7-9","9-6","5-7","8-8","4-5",NA,"2007","40","42"
"18","New Orleans/Oklahoma City Hornets","39-43","24-17","15-26","9-7","14-21","","8-7","4-11","7-8","9-4","5-10","6-3",NA,"2007","39","43"
"19","Indiana Pacers","35-47","22-19","13-28","5-7","18-24","","9-7","8-8","7-6","5-6","2-14","4-6",NA,"2007","35","47"
"20","Philadelphia 76ers","35-47","21-20","14-27","9-8","12-25","","5-9","3-13","7-10","5-6","9-6","6-3",NA,"2007","35","47"
"21","Charlotte Bobcats","33-49","20-21","13-28","2-4","15-23","","4-11","5-10","8-7","5-8","6-9","5-4",NA,"2007","33","49"
"22","New York Knicks","33-49","19-22","14-27","10-10","10-23","","6-11","7-9","7-8","6-5","5-9","2-7",NA,"2007","33","49"
"23","Sacramento Kings","33-49","20-21","13-28","5-6","14-19","","8-5","5-10","5-11","7-6","5-9","3-8",NA,"2007","33","49"
"24","Minnesota Timberwolves","32-50","20-21","12-29","7-10","9-25","","6-8","7-7","9-8","4-8","4-11","2-8",NA,"2007","32","50"
"25","Portland Trail Blazers","32-50","18-23","14-27","11-7","9-29","","6-10","7-8","7-9","4-7","5-10","3-6",NA,"2007","32","50"
"26","Seattle SuperSonics","31-51","20-21","11-30","10-10","14-23","","6-10","7-9","4-10","5-6","8-7","1-9",NA,"2007","31","51"
"27","Atlanta Hawks","30-52","18-23","12-29","7-7","11-30","","6-7","3-13","8-7","5-9","5-10","3-6",NA,"2007","30","52"
"28","Milwaukee Bucks","28-54","18-23","10-31","4-8","10-28","","5-9","11-6","2-13","3-9","4-9","3-8",NA,"2007","28","54"
"29","Boston Celtics","24-58","12-29","12-29","4-12","7-20","","5-9","5-10","2-14","3-9","7-8","2-8",NA,"2007","24","58"
"30","Memphis Grizzlies","22-60","14-27","8-33","5-12","8-26","","4-11","3-14","5-10","3-9","4-11","3-5",NA,"2007","22","60"
" 1","Boston Celtics","66-16","35-6","31-10","7-6","45-3","","13-2","13-1","10-5","9-4","13-3","8-1",NA,"2008","66","16"
" 2","Detroit Pistons","59-23","34-7","25-16","5-3","37-10","","9-5","15-2","9-6","9-3","10-5","7-2",NA,"2008","59","23"
" 3","Los Angeles Lakers","57-25","30-11","27-14","5-8","37-9","0-1","9-6","10-4","9-5","13-2","9-6","7-1",NA,"2008","57","25"
" 4","New Orleans Hornets","56-26","30-11","26-15","8-4","37-15","1-0","10-6","9-5","12-2","7-5","11-4","6-4",NA,"2008","56","26"
" 5","San Antonio Spurs","56-26","34-7","22-19","8-6","31-11","2-0","12-3","7-5","8-8","10-1","12-6","5-3",NA,"2008","56","26"
" 6","Houston Rockets","55-27","31-10","24-17","9-3","31-11","1-0","8-8","6-8","10-4","13-0","11-4","6-3",NA,"2008","55","27"
" 7","Phoenix Suns","55-27","30-11","25-16","3-5","31-9","","12-4","10-5","11-5","6-5","11-5","5-3",NA,"2008","55","27"
" 8","Utah Jazz","54-28","37-4","17-24","4-3","37-14","1-0","11-5","5-11","11-2","9-4","12-4","5-2",NA,"2008","54","28"
" 9","Orlando Magic","52-30","25-16","27-14","6-6","34-12","1-0","13-4","8-7","7-7","8-5","10-4","5-3",NA,"2008","52","30"
"10","Dallas Mavericks","51-31","34-7","17-24","5-6","29-11","1-0","10-5","9-6","11-3","8-6","7-8","5-3",NA,"2008","51","31"
"11","Denver Nuggets","50-32","33-8","17-24","6-6","29-18","1-0","9-7","8-5","9-6","8-5","10-6","5-3",NA,"2008","50","32"
"12","Golden State Warriors","48-34","27-14","21-20","9-2","22-14","0-1","8-6","11-6","9-6","7-3","10-6","3-6",NA,"2008","48","34"
"13","Cleveland Cavaliers","45-37","27-14","18-23","10-8","10-17","0-1","9-7","5-9","11-3","8-6","8-7","4-4",NA,"2008","45","37"
"14","Washington Wizards","43-39","25-16","18-23","5-9","26-19","0-1","7-8","8-5","9-6","4-10","10-6","5-3",NA,"2008","43","39"
"15","Toronto Raptors","41-41","25-16","16-25","3-3","26-16","1-0","8-7","8-8","8-5","7-5","6-11","3-5",NA,"2008","41","41"
"16","Portland Trail Blazers","41-41","28-13","13-28","10-2","15-22","0-1","5-10","13-2","8-6","5-9","7-8","3-5",NA,"2008","41","41"
"17","Philadelphia 76ers","40-42","22-19","18-23","4-8","18-20","0-1","5-9","9-7","4-11","8-5","11-4","3-5",NA,"2008","40","42"
"18","Sacramento Kings","38-44","26-15","12-29","10-8","17-23","0-1","5-9","6-8","9-6","6-8","7-8","5-4",NA,"2008","38","44"
"19","Atlanta Hawks","37-45","25-16","12-29","6-5","11-24","","6-9","9-4","4-11","6-8","9-8","3-5",NA,"2008","37","45"
"20","Indiana Pacers","36-46","21-20","15-26","4-3","14-22","1-0","7-9","7-8","4-10","4-9","8-7","5-3",NA,"2008","36","46"
"21","New Jersey Nets","34-48","21-20","13-28","7-3","8-31","1-0","6-8","7-8","5-10","7-6","5-11","3-5",NA,"2008","34","48"
"22","Chicago Bulls","33-49","20-21","13-28","4-3","19-29","0-1","3-9","8-8","7-9","5-8","6-9","4-5",NA,"2008","33","49"
"23","Charlotte Bobcats","32-50","21-20","11-30","8-6","12-24","","6-8","5-10","7-10","1-11","9-7","4-4",NA,"2008","32","50"
"24","Milwaukee Bucks","26-56","19-22","7-34","6-9","5-29","0-1","7-6","4-12","7-10","4-7","2-12","2-8",NA,"2008","26","56"
"25","Los Angeles Clippers","23-59","13-28","10-31","2-5","10-35","","6-8","4-11","4-9","5-9","3-15","1-7",NA,"2008","23","59"
"26","New York Knicks","23-59","15-26","8-33","4-5","6-33","","5-10","3-11","6-10","4-9","2-13","3-6",NA,"2008","23","59"
"27","Memphis Grizzlies","22-60","14-27","8-33","2-11","10-37","0-1","5-9","3-12","5-11","1-11","5-11","3-5",NA,"2008","22","60"
"28","Minnesota Timberwolves","22-60","15-26","7-34","4-8","8-35","","2-12","2-14","5-10","3-9","7-8","3-7",NA,"2008","22","60"
"29","Seattle SuperSonics","20-62","13-28","7-34","5-7","5-37","0-1","3-13","6-8","2-13","4-8","2-14","3-5",NA,"2008","20","62"
"30","Miami Heat","15-67","9-32","6-35","3-11","4-34","","4-11","4-12","1-13","2-10","2-15","2-6",NA,"2008","15","67"
" 1","Cleveland Cavaliers","66-16","39-2","27-14","3-3","41-7","1-1","13-2","12-2","10-4","9-3","16-1","5-3",NA,"2009","66","16"
" 2","Los Angeles Lakers","65-17","36-5","29-12","7-5","35-7","2-0","12-1","11-4","12-4","11-2","10-5","7-1",NA,"2009","65","17"
" 3","Boston Celtics","62-20","35-6","27-14","7-3","35-6","2-0","14-2","12-3","11-4","8-4","9-6","6-1",NA,"2009","62","20"
" 4","Orlando Magic","59-23","32-9","27-14","9-2","32-10","0-2","13-2","12-3","10-3","8-6","12-2","4-5",NA,"2009","59","23"
" 5","Denver Nuggets","54-28","33-8","21-20","8-5","32-14","1-1","11-5","9-6","10-4","8-4","10-6","5-2",NA,"2009","54","28"
" 6","Portland Trail Blazers","54-28","34-7","20-21","9-1","31-11","1-1","11-5","8-6","9-5","7-5","11-5","7-1",NA,"2009","54","28"
" 7","San Antonio Spurs","54-28","28-13","26-15","12-7","26-12","0-2","9-5","11-4","12-3","7-4","9-8","6-2",NA,"2009","54","28"
" 8","Houston Rockets","53-29","33-8","20-21","5-8","29-11","2-0","9-7","10-5","8-7","8-3","11-4","5-3",NA,"2009","53","29"
" 9","Dallas Mavericks","50-32","32-9","18-23","10-4","28-14","0-1","8-7","11-4","8-7","8-4","9-7","6-2",NA,"2009","50","32"
"10","New Orleans Hornets","49-33","28-13","21-20","8-1","23-17","2-0","7-6","10-3","9-7","7-6","11-5","3-6",NA,"2009","49","33"
"11","Utah Jazz","48-34","33-8","15-26","1-3","26-15","1-0","10-7","8-7","7-8","10-1","10-5","2-6",NA,"2009","48","34"
"12","Atlanta Hawks","47-35","31-10","16-25","5-7","18-13","1-0","9-6","11-4","6-10","6-5","10-7","4-3",NA,"2009","47","35"
"13","Phoenix Suns","46-36","28-13","18-23","5-3","23-21","1-1","10-6","7-5","7-8","8-5","7-9","6-2",NA,"2009","46","36"
"14","Miami Heat","43-39","28-13","15-26","7-6","16-17","1-1","7-8","9-4","8-8","6-6","8-8","4-4",NA,"2009","43","39"
"15","Chicago Bulls","41-41","28-13","13-28","4-8","18-19","1-1","7-8","6-9","7-9","6-6","9-7","5-1",NA,"2009","41","41"
"16","Philadelphia 76ers","41-41","24-17","17-24","6-9","15-19","1-1","6-9","6-8","10-5","6-6","9-6","3-6",NA,"2009","41","41"
"17","Detroit Pistons","39-43","21-20","18-23","5-6","12-16","1-0","9-6","9-5","6-9","3-9","8-9","3-5",NA,"2009","39","43"
"18","Indiana Pacers","36-46","25-16","11-30","9-12","9-15","0-1","6-9","4-11","9-8","6-7","7-7","4-3",NA,"2009","36","46"
"19","Charlotte Bobcats","35-47","23-18","12-29","5-5","14-18","0-1","5-10","6-10","8-7","6-7","9-5","1-7",NA,"2009","35","47"
"20","Milwaukee Bucks","34-48","22-19","12-29","5-3","16-21","1-1","6-11","8-6","9-9","5-6","3-10","2-5",NA,"2009","34","48"
"21","New Jersey Nets","34-48","19-22","15-26","6-8","18-24","1-0","8-7","6-10","6-10","5-5","4-12","4-4",NA,"2009","34","48"
"22","Toronto Raptors","33-49","18-23","15-26","3-4","15-24","2-0","6-8","4-12","7-9","4-8","5-8","5-4",NA,"2009","33","49"
"23","New York Knicks","32-50","20-21","12-29","1-4","12-20","1-1","7-7","4-10","9-7","3-10","5-11","3-4",NA,"2009","32","50"
"24","Golden State Warriors","29-53","21-20","8-33","3-6","13-25","0-2","5-10","5-12","5-9","5-5","5-11","4-4",NA,"2009","29","53"
"25","Memphis Grizzlies","24-58","16-25","8-33","2-4","11-38","1-1","3-12","6-9","1-13","4-8","4-11","5-4",NA,"2009","24","58"
"26","Minnesota Timberwolves","24-58","11-30","13-28","6-8","7-27","1-0","3-11","2-14","10-4","2-11","3-14","3-4",NA,"2009","24","58"
"27","Oklahoma City Thunder","23-59","15-26","8-33","7-9","6-34","0-1","2-15","2-13","7-7","3-9","7-8","2-6",NA,"2009","23","59"
"28","Los Angeles Clippers","19-63","11-30","8-33","4-8","10-41","0-2","3-11","5-10","2-14","5-8","3-11","1-7",NA,"2009","19","63"
"29","Washington Wizards","19-63","13-28","6-35","7-5","7-35","0-1","2-11","4-12","4-13","4-8","3-13","2-5",NA,"2009","19","63"
"30","Sacramento Kings","17-65","11-30","6-35","2-14","6-33","0-2","5-12","3-10","2-14","3-10","3-9","1-8",NA,"2009","17","65"
" 1","Cleveland Cavaliers","61-21","35-6","26-15","7-8","32-5","2-2","10-3","14-3","12-3","8-3","13-2","2-5",NA,"2010","61","21"
" 2","Orlando Magic","59-23","34-7","25-16","3-4","39-6","2-0","12-4","9-4","9-8","8-4","12-2","7-1",NA,"2010","59","23"
" 3","Los Angeles Lakers","57-25","34-7","23-18","11-7","27-13","1-1","12-2","12-3","12-5","8-4","9-6","3-4",NA,"2010","57","25"
" 4","Dallas Mavericks","55-27","28-13","27-14","9-2","21-14","2-1","11-4","9-5","8-7","9-4","11-4","5-2",NA,"2010","55","27"
" 5","Phoenix Suns","54-28","32-9","22-19","5-4","31-10","2-0","12-3","7-9","7-9","9-3","12-2","5-2",NA,"2010","54","28"
" 6","Atlanta Hawks","53-29","34-7","19-22","4-6","31-9","2-0","10-5","9-5","9-6","7-5","11-5","5-3",NA,"2010","53","29"
" 7","Denver Nuggets","53-29","34-7","19-22","9-4","29-13","2-0","10-5","8-7","12-3","7-5","9-7","5-2",NA,"2010","53","29"
" 8","Utah Jazz","53-29","32-9","21-20","5-3","32-14","1-1","9-6","8-7","10-4","10-3","12-5","3-3",NA,"2010","53","29"
" 9","Boston Celtics","50-32","24-17","26-15","8-6","23-10","3-0","10-4","10-4","6-8","7-5","11-6","3-5",NA,"2010","50","32"
"10","Oklahoma City Thunder","50-32","27-14","23-18","7-11","25-9","2-0","7-8","9-6","8-7","9-2","11-5","4-4",NA,"2010","50","32"
"11","Portland Trail Blazers","50-32","26-15","24-17","6-3","24-13","1-2","11-5","9-6","7-8","7-6","11-2","4-3",NA,"2010","50","32"
"12","San Antonio Spurs","50-32","29-12","21-20","6-4","34-9","2-1","7-5","10-5","8-8","6-5","12-5","5-3",NA,"2010","50","32"
"13","Miami Heat","47-35","24-17","23-18","7-3","27-18","2-0","7-7","7-7","8-9","5-8","12-3","6-1",NA,"2010","47","35"
"14","Milwaukee Bucks","46-36","28-13","18-23","7-12","19-17","1-1","8-6","3-11","8-7","10-4","11-4","5-3",NA,"2010","46","36"
"15","Charlotte Bobcats","44-38","31-10","13-28","9-7","21-11","1-2","6-7","5-9","12-4","4-7","11-6","5-3",NA,"2010","44","38"
"16","Houston Rockets","42-40","23-18","19-22","5-5","17-15","2-1","7-7","11-5","5-9","4-7","8-8","5-3",NA,"2010","42","40"
"17","Chicago Bulls","41-41","24-17","17-24","7-5","15-21","1-1","5-8","7-8","10-5","8-6","4-11","6-2",NA,"2010","41","41"
"18","Memphis Grizzlies","40-42","23-18","17-24","6-4","17-26","1-1","5-11","9-4","10-5","5-8","8-7","2-6",NA,"2010","40","42"
"19","Toronto Raptors","40-42","25-16","15-26","6-5","19-24","1-1","6-10","9-6","10-5","5-5","6-10","3-5",NA,"2010","40","42"
"20","New Orleans Hornets","37-45","24-17","13-28","6-3","5-24","1-1","6-9","7-6","12-5","5-8","4-12","2-4",NA,"2010","37","45"
"21","Indiana Pacers","32-50","23-18","9-32","3-5","20-28","0-2","6-7","3-13","7-10","4-7","8-8","4-3",NA,"2010","32","50"
"22","Los Angeles Clippers","29-53","21-20","8-33","5-3","12-35","0-4","8-6","6-8","6-9","4-8","3-13","2-5",NA,"2010","29","53"
"23","New York Knicks","29-53","18-23","11-30","4-6","10-28","0-3","3-11","9-6","6-9","2-9","6-10","3-5",NA,"2010","29","53"
"24","Detroit Pistons","27-55","17-24","10-31","4-1","7-29","1-2","5-9","5-10","4-10","6-7","2-13","4-4",NA,"2010","27","55"
"25","Philadelphia 76ers","27-55","12-29","15-26","6-8","15-26","2-1","3-12","4-10","7-8","6-5","4-13","1-6",NA,"2010","27","55"
"26","Golden State Warriors","26-56","18-23","8-33","2-8","14-28","0-2","6-8","3-12","4-11","4-8","4-12","5-3",NA,"2010","26","56"
"27","Washington Wizards","26-56","15-26","11-30","5-12","11-31","2-1","3-9","5-10","6-10","5-6","1-16","4-4",NA,"2010","26","56"
"28","Sacramento Kings","25-57","18-23","7-34","6-7","10-27","0-3","8-5","6-9","2-13","4-9","4-13","1-5",NA,"2010","25","57"
"29","Minnesota Timberwolves","15-67","10-31","5-36","3-9","4-39","1-1","1-14","5-11","4-12","3-9","1-13","0-7",NA,"2010","15","67"
"30","New Jersey Nets","12-70","8-33","4-37","1-7","5-44","0-3","0-14","3-12","1-13","2-11","4-12","2-5",NA,"2010","12","70"
" 1","Chicago Bulls","62-20","36-5","26-15","9-5","31-5","1-1","8-5","12-4","12-4","8-3","13-3","8-0",NA,"2011","62","20"
" 2","San Antonio Spurs","61-21","36-5","25-16","7-4","32-9","1-1","14-1","13-2","12-3","9-3","8-8","4-3",NA,"2011","61","21"
" 3","Miami Heat","58-24","30-11","28-13","2-8","35-6","3-1","7-7","15-1","9-5","9-3","9-6","6-1",NA,"2011","58","24"
" 4","Dallas Mavericks","57-25","29-12","28-13","10-6","22-8","2-1","11-3","11-3","8-8","11-1","10-6","4-3",NA,"2011","57","25"
" 5","Los Angeles Lakers","57-25","30-11","27-14","4-4","30-9","3-0","10-5","10-5","10-5","9-4","12-1","3-5",NA,"2011","57","25"
" 6","Boston Celtics","56-26","33-8","23-18","8-8","30-7","2-1","11-3","11-3","12-4","7-4","9-7","4-4",NA,"2011","56","26"
" 7","Oklahoma City Thunder","55-27","30-11","25-16","10-5","22-8","2-1","10-5","11-5","7-6","6-5","14-2","5-3",NA,"2011","55","27"
" 8","Orlando Magic","52-30","29-12","23-18","6-7","33-9","1-1","12-3","8-8","10-6","7-4","9-6","5-2",NA,"2011","52","30"
" 9","Denver Nuggets","50-32","33-8","17-24","7-8","29-10","2-1","8-5","8-7","10-7","7-6","10-3","5-3",NA,"2011","50","32"
"10","Portland Trail Blazers","48-34","30-11","18-23","7-4","19-15","3-0","5-9","9-7","8-6","8-4","10-6","5-2",NA,"2011","48","34"
"11","Memphis Grizzlies","46-36","30-11","16-25","9-10","23-12","2-1","6-9","6-8","11-6","8-4","9-5","4-3",NA,"2011","46","36"
"12","New Orleans Hornets","46-36","28-13","18-23","8-6","16-17","3-0","9-5","7-9","12-4","4-8","8-6","3-4",NA,"2011","46","36"
"13","Atlanta Hawks","44-38","24-17","20-21","7-1","21-21","3-0","8-7","10-7","9-4","6-6","7-8","1-6",NA,"2011","44","38"
"14","Houston Rockets","43-39","25-16","18-23","7-8","21-11","0-3","5-9","11-4","6-11","8-4","9-5","4-3",NA,"2011","43","39"
"15","New York Knicks","42-40","23-18","19-22","4-5","18-14","1-2","9-7","8-5","7-8","5-5","7-11","5-2",NA,"2011","42","40"
"16","Philadelphia 76ers","41-41","26-15","15-26","3-8","26-13","0-3","5-10","8-7","8-6","9-3","9-7","2-5",NA,"2011","41","41"
"17","Phoenix Suns","40-42","23-18","17-24","7-6","15-18","1-2","7-7","6-8","8-7","9-3","5-11","4-4",NA,"2011","40","42"
"18","Utah Jazz","39-43","21-20","18-23","6-4","16-24","1-2","13-3","8-6","7-9","3-9","4-10","3-4",NA,"2011","39","43"
"19","Indiana Pacers","37-45","24-17","13-28","7-6","19-28","2-1","7-6","5-10","4-10","8-5","8-10","3-3",NA,"2011","37","45"
"20","Golden State Warriors","36-46","26-15","10-31","4-4","14-24","2-1","6-9","5-9","7-8","6-5","6-12","4-2",NA,"2011","36","46"
"21","Milwaukee Bucks","35-47","22-19","13-28","3-8","16-21","1-2","5-9","6-7","7-9","3-9","8-8","5-3",NA,"2011","35","47"
"22","Charlotte Bobcats","34-48","21-20","13-28","11-7","9-24","0-3","6-8","5-9","9-7","6-6","6-9","2-6",NA,"2011","34","48"
"23","Los Angeles Clippers","32-50","23-18","9-32","4-5","9-24","0-3","3-12","7-8","9-5","2-12","8-6","3-4",NA,"2011","32","50"
"24","Detroit Pistons","30-52","21-20","9-32","3-7","13-27","0-3","6-9","5-10","6-9","5-8","4-9","4-4",NA,"2011","30","52"
"25","New Jersey Nets","24-58","19-22","5-36","7-7","4-34","2-1","4-11","3-12","6-10","2-9","6-8","1-7",NA,"2011","24","58"
"26","Sacramento Kings","24-58","11-30","13-28","8-8","7-23","2-1","2-11","2-11","6-10","3-10","6-10","3-5",NA,"2011","24","58"
"27","Washington Wizards","23-59","20-21","3-38","8-2","7-36","0-2","5-9","3-12","5-11","2-10","3-12","5-3",NA,"2011","23","59"
"28","Toronto Raptors","22-60","16-25","6-35","2-7","8-30","1-1","5-10","5-10","2-15","3-8","4-10","2-6",NA,"2011","22","60"
"29","Cleveland Cavaliers","19-63","12-29","7-34","2-5","2-38","1-2","6-8","1-14","0-16","3-8","4-11","4-4",NA,"2011","19","63"
"30","Minnesota Timberwolves","17-65","12-29","5-36","3-10","11-33","1-2","3-11","4-12","3-11","3-10","3-12","0-7",NA,"2011","17","65"
" 1","Chicago Bulls","50-16","26-7","24-9","5-2","31-8",NA,NA,"3-1","15-4","11-3","13-3","8-5",NA,"2012","50","16"
" 2","San Antonio Spurs","50-16","28-5","22-11","5-4","31-7",NA,NA,"3-1","10-8","11-2","12-3","14-2",NA,"2012","50","16"
" 3","Oklahoma City Thunder","47-19","26-7","21-12","5-4","27-5",NA,NA,"5-0","11-4","12-3","11-5","8-7",NA,"2012","47","19"
" 4","Miami Heat","46-20","28-5","18-15","6-2","29-10",NA,NA,"4-0","12-5","11-2","10-6","9-7",NA,"2012","46","20"
" 5","Indiana Pacers","42-24","23-10","19-14","4-3","21-12",NA,NA,"3-1","11-5","8-6","8-9","12-3",NA,"2012","42","24"
" 6","Los Angeles Lakers","41-25","26-7","15-18","10-4","11-10",NA,NA,"3-2","10-7","8-5","11-6","9-5",NA,"2012","41","25"
" 7","Memphis Grizzlies","41-25","26-7","15-18","6-2","16-10",NA,NA,"1-2","10-8","9-5","8-7","13-3",NA,"2012","41","25"
" 8","Atlanta Hawks","40-26","23-10","17-16","6-8","17-13",NA,NA,"3-1","13-5","4-9","11-8","9-3",NA,"2012","40","26"
" 9","Los Angeles Clippers","40-26","24-9","16-17","7-6","17-7",NA,NA,"1-2","11-4","8-6","11-9","9-5",NA,"2012","40","26"
"10","Boston Celtics","39-27","24-9","15-18","6-5","19-11",NA,NA,"1-3","9-7","7-7","12-5","10-5",NA,"2012","39","27"
"11","Denver Nuggets","38-28","20-13","18-15","6-6","18-11",NA,NA,"2-2","12-5","5-10","9-7","10-4",NA,"2012","38","28"
"12","Orlando Magic","37-29","21-12","16-17","2-5","18-16",NA,NA,"3-1","9-8","11-4","9-7","5-9",NA,"2012","37","29"
"13","Dallas Mavericks","36-30","23-10","13-20","7-8","16-15",NA,NA,"1-3","13-5","7-7","9-8","6-7",NA,"2012","36","30"
"14","New York Knicks","36-30","22-11","14-19","7-3","19-15",NA,NA,"2-2","6-11","10-5","9-8","9-4",NA,"2012","36","30"
"15","Utah Jazz","36-30","25-8","11-22","7-6","15-14",NA,NA,"1-3","11-4","4-11","11-8","9-4",NA,"2012","36","30"
"16","Philadelphia 76ers","35-31","19-14","16-17","1-4","28-12",NA,NA,"2-2","13-4","6-9","8-8","6-8",NA,"2012","35","31"
"17","Houston Rockets","34-32","22-11","12-21","8-5","13-13",NA,NA,"2-2","10-7","9-6","7-9","6-8",NA,"2012","34","32"
"18","Phoenix Suns","33-33","19-14","14-19","8-5","14-19",NA,NA,"1-3","6-10","7-7","11-6","8-7",NA,"2012","33","33"
"19","Milwaukee Bucks","31-35","17-16","14-19","4-6","13-12",NA,NA,"2-1","7-10","5-10","10-7","7-7",NA,"2012","31","35"
"20","Portland Trail Blazers","28-38","20-13","8-25","3-11","17-17",NA,NA,"3-0","9-9","6-8","6-11","4-10",NA,"2012","28","38"
"21","Minnesota Timberwolves","26-40","13-20","13-20","7-7","13-16",NA,NA,"0-3","10-8","8-7","7-10","1-12",NA,"2012","26","40"
"22","Detroit Pistons","25-41","18-15","7-26","7-4","12-27",NA,NA,"1-3","3-16","8-6","7-8","6-8",NA,"2012","25","41"
"23","Golden State Warriors","23-43","12-21","11-22","5-12","7-16",NA,NA,"2-2","5-10","7-6","6-12","3-13",NA,"2012","23","43"
"24","Toronto Raptors","23-43","13-20","10-23","1-7","12-21",NA,NA,"1-2","6-13","4-9","6-11","6-8",NA,"2012","23","43"
"25","New Jersey Nets","22-44","9-24","13-20","6-2","8-26",NA,NA,"1-3","6-12","4-10","8-10","3-9",NA,"2012","22","44"
"26","Sacramento Kings","22-44","16-17","6-27","6-7","6-24",NA,NA,"1-3","5-12","6-7","6-12","4-10",NA,"2012","22","44"
"27","Cleveland Cavaliers","21-45","11-22","10-23","5-6","9-26",NA,NA,"1-2","7-10","5-8","4-13","4-12",NA,"2012","21","45"
"28","New Orleans Hornets","21-45","11-22","10-23","4-9","6-19",NA,NA,"2-1","2-16","4-10","5-12","8-6",NA,"2012","21","45"
"29","Washington Wizards","20-46","11-22","9-24","6-5","11-26",NA,NA,"0-3","4-14","3-11","5-11","8-7",NA,"2012","20","46"
"30","Charlotte Bobcats","7-59","4-29","3-30","2-4","2-38",NA,NA,"1-2","2-17","1-10","3-14","0-16",NA,"2012","7","59"
" 1","Miami Heat","66-16","37-4","29-12","9-3","39-8","1-0","10-3","10-5","8-5","12-1","17-1","8-1",NA,"2013","66","16"
" 2","Oklahoma City Thunder","60-22","34-7","26-15","3-6","44-6","","13-4","11-2","11-5","7-4","12-5","6-2",NA,"2013","60","22"
" 3","San Antonio Spurs","58-24","35-6","23-18","9-5","31-10","1-0","12-4","12-4","12-3","8-3","10-4","3-6",NA,"2013","58","24"
" 4","Denver Nuggets","57-25","38-3","19-22","11-7","28-8","0-1","8-8","9-6","12-3","8-4","13-2","7-1",NA,"2013","57","25"
" 5","Los Angeles Clippers","56-26","32-9","24-17","3-5","38-12","1-0","8-6","16-0","9-7","8-5","7-7","7-1",NA,"2013","56","26"
" 6","Memphis Grizzlies","56-26","32-9","24-17","6-4","28-9","0-1","12-1","7-7","10-7","9-2","11-6","7-2",NA,"2013","56","26"
" 7","New York Knicks","54-28","31-10","23-18","7-5","31-12","","11-4","10-5","7-6","6-5","12-6","8-2",NA,"2013","54","28"
" 8","Brooklyn Nets","49-33","26-15","23-18","9-4","23-17","","11-4","5-11","11-4","7-5","8-7","7-2",NA,"2013","49","33"
" 9","Indiana Pacers","49-32","30-11","19-21","4-9","27-14","1-0","7-8","10-5","9-6","9-3","11-5","2-5",NA,"2013","49","32"
"10","Golden State Warriors","47-35","28-13","19-22","5-3","20-18","1-0","8-6","12-4","8-7","4-8","9-7","5-3",NA,"2013","47","35"
"11","Chicago Bulls","45-37","24-17","21-20","11-7","16-16","1-0","6-7","9-6","12-4","5-8","7-7","5-5",NA,"2013","45","37"
"12","Houston Rockets","45-37","29-12","16-25","5-5","26-13","1-0","6-8","10-6","8-9","6-5","9-5","5-4",NA,"2013","45","37"
"13","Los Angeles Lakers","45-37","29-12","16-25","8-5","18-17","0-2","8-6","7-7","5-11","9-4","9-6","7-1",NA,"2013","45","37"
"14","Atlanta Hawks","44-38","25-16","19-22","5-5","19-20","","9-5","10-5","7-9","7-4","8-10","3-5",NA,"2013","44","38"
"15","Utah Jazz","43-39","30-11","13-28","5-7","19-21","1-0","8-8","6-9","10-4","6-6","7-9","5-3",NA,"2013","43","39"
"16","Boston Celtics","41-40","27-13","14-27","8-7","18-23","0-1","9-6","5-9","8-7","8-4","8-8","3-5",NA,"2013","41","40"
"17","Dallas Mavericks","41-41","24-17","17-24","5-8","17-19","1-1","6-8","5-10","7-8","6-5","11-5","5-4",NA,"2013","41","41"
"18","Milwaukee Bucks","38-44","21-20","17-24","7-5","13-25","","7-7","9-6","8-7","4-8","7-9","3-7",NA,"2013","38","44"
"19","Philadelphia 76ers","34-48","23-18","11-30","4-5","13-24","1-0","9-6","4-11","5-9","3-8","8-9","4-5",NA,"2013","34","48"
"20","Toronto Raptors","34-48","21-20","13-28","8-8","16-22","0-1","4-12","7-7","5-10","7-5","4-11","7-2",NA,"2013","34","48"
"21","Portland Trail Blazers","33-49","22-19","11-30","9-6","13-24","1-0","5-10","9-4","8-8","3-9","7-9","0-9",NA,"2013","33","49"
"22","Minnesota Timberwolves","31-51","20-21","11-30","3-10","15-26","","7-8","7-5","3-12","3-10","6-11","5-5",NA,"2013","31","51"
"23","Detroit Pistons","29-53","18-23","11-30","6-10","15-29","0-1","5-11","6-10","6-7","6-8","1-13","5-3",NA,"2013","29","53"
"24","Washington Wizards","29-53","22-19","7-34","6-9","13-17","0-1","1-12","3-11","7-9","7-5","9-8","2-7",NA,"2013","29","53"
"25","Sacramento Kings","28-54","20-21","8-33","7-3","12-31","0-1","4-10","7-8","6-11","3-9","7-8","1-7",NA,"2013","28","54"
"26","New Orleans Hornets","27-55","16-25","11-30","7-5","10-27","0-1","4-9","3-13","8-8","5-8","6-9","1-7",NA,"2013","27","55"
"27","Phoenix Suns","25-57","17-24","8-33","6-8","10-31","0-1","7-9","4-11","5-9","4-9","3-12","2-6",NA,"2013","25","57"
"28","Cleveland Cavaliers","24-58","14-27","10-31","6-11","7-27","1-0","3-12","3-13","6-8","7-5","2-12","2-8",NA,"2013","24","58"
"29","Charlotte Bobcats","21-61","15-26","6-35","6-6","6-37","","7-8","1-15","3-11","2-10","4-12","4-5",NA,"2013","21","61"
"30","Orlando Magic","20-62","12-29","8-33","2-9","8-30","","5-10","7-9","2-12","2-11","3-13","1-7",NA,"2013","20","62"
" 1","San Antonio Spurs","62-20","32-9","30-11","7-0","35-12","1-0","13-3","11-4","8-6","9-3","16-0","4-4",NA,"2014","62","20"
" 2","Oklahoma City Thunder","59-23","34-7","25-16","10-4","33-8","1-0","10-3","14-3","13-4","6-5","10-4","5-4",NA,"2014","59","23"
" 3","Los Angeles Clippers","57-25","34-7","23-18","4-3","30-9","1-1","11-4","9-7","12-4","7-4","13-2","4-3",NA,"2014","57","25"
" 4","Indiana Pacers","56-26","35-6","21-20","4-3","29-17","2-0","13-1","10-4","10-5","9-3","8-10","4-3",NA,"2014","56","26"
" 5","Houston Rockets","54-28","33-8","21-20","7-6","30-9","1-0","12-5","8-8","10-4","8-2","10-4","5-5",NA,"2014","54","28"
" 6","Miami Heat","54-28","32-9","22-19","8-7","29-10","1-1","12-2","11-4","8-6","9-1","10-8","3-6",NA,"2014","54","28"
" 7","Portland Trail Blazers","54-28","31-10","23-18","8-9","24-13","0-1","13-2","12-4","8-6","7-5","8-9","6-1",NA,"2014","54","28"
" 8","Golden State Warriors","51-31","27-14","24-17","11-8","28-9","1-1","8-7","11-5","9-6","7-4","9-5","6-3",NA,"2014","51","31"
" 9","Memphis Grizzlies","50-32","27-14","23-18","10-4","18-13","0-1","8-7","5-9","12-3","7-5","12-5","6-2",NA,"2014","50","32"
"10","Dallas Mavericks","49-33","26-15","23-18","11-11","23-10","1-0","9-8","8-5","9-8","9-3","8-6","5-3",NA,"2014","49","33"
"11","Chicago Bulls","48-34","27-14","21-20","6-5","27-19","1-1","6-7","5-10","11-4","9-4","10-6","6-2",NA,"2014","48","34"
"12","Toronto Raptors","48-34","26-15","22-19","3-8","24-6","1-0","5-9","8-6","11-6","7-5","10-6","6-2",NA,"2014","48","34"
"13","Phoenix Suns","48-34","26-15","22-19","2-9","19-7","1-0","8-8","10-3","9-7","6-6","10-6","4-4",NA,"2014","48","34"
"14","Brooklyn Nets","44-38","28-13","16-25","8-3","17-20","0-1","5-11","5-9","10-3","7-5","12-4","5-5",NA,"2014","44","38"
"15","Washington Wizards","44-38","22-19","22-19","5-9","19-14","0-1","8-8","6-5","8-9","8-5","8-8","6-2",NA,"2014","44","38"
"16","Charlotte Bobcats","43-39","25-16","18-23","8-8","18-19","0-1","8-8","6-9","7-9","6-4","9-7","7-1",NA,"2014","43","39"
"17","Minnesota Timberwolves","40-42","24-17","16-25","5-6","26-18","1-0","8-9","6-7","8-7","5-6","8-8","4-5",NA,"2014","40","42"
"18","Atlanta Hawks","38-44","24-17","14-27","8-9","15-16","0-1","9-8","9-5","6-7","2-10","6-10","6-3",NA,"2014","38","44"
"19","New York Knicks","37-45","19-22","18-23","3-8","19-22","1-1","2-11","6-9","10-6","2-11","11-5","5-2",NA,"2014","37","45"
"20","Denver Nuggets","36-46","22-19","14-27","8-5","16-24","0-1","9-5","5-10","8-7","3-9","7-10","4-4",NA,"2014","36","46"
"21","New Orleans Pelicans","34-48","22-19","12-29","7-8","10-21","0-1","7-7","7-7","5-11","4-9","9-7","2-6",NA,"2014","34","48"
"22","Cleveland Cavaliers","33-49","19-22","14-27","7-5","13-27","1-0","4-12","5-9","6-9","8-6","6-9","3-4",NA,"2014","33","49"
"23","Detroit Pistons","29-53","17-24","12-29","2-6","16-25","1-0","5-10","8-9","4-8","5-8","4-12","2-6",NA,"2014","29","53"
"24","Sacramento Kings","28-54","17-24","11-30","4-9","12-26","1-0","3-10","6-10","5-11","5-7","6-10","2-6",NA,"2014","28","54"
"25","Los Angeles Lakers","27-55","14-27","13-28","5-5","12-33","1-1","8-7","4-11","3-12","4-8","5-9","2-7",NA,"2014","27","55"
"26","Boston Celtics","25-57","16-25","9-32","5-9","9-23","0-1","7-11","6-6","2-15","5-6","3-12","2-6",NA,"2014","25","57"
"27","Utah Jazz","25-57","16-25","9-32","5-4","9-39","0-1","3-14","7-9","6-6","5-7","2-15","2-5",NA,"2014","25","57"
"28","Orlando Magic","23-59","19-22","4-37","5-7","10-30","0-2","6-8","4-11","3-14","5-7","3-11","2-6",NA,"2014","23","59"
"29","Philadelphia 76ers","19-63","10-31","9-32","6-3","4-46","1-0","5-11","3-10","6-11","0-11","1-15","3-5",NA,"2014","19","63"
"30","Milwaukee Bucks","15-67","10-31","5-36","4-5","4-33","0-1","3-12","4-11","1-14","3-8","3-14","1-7",NA,"2014","15","67"
" 1","Golden State Warriors","67-15","39-2","28-13","5-3","45-9","1-0","13-2","11-3","12-3","8-3","16-2","6-2",NA,"2015","67","15"
" 2","Atlanta Hawks","60-22","35-6","25-16","6-4","30-10","0-1","9-5","14-2","17-0","7-4","9-7","4-3",NA,"2015","60","22"
" 3","Houston Rockets","56-26","30-11","26-15","8-4","31-14","2-0","11-4","9-5","11-6","7-3","10-6","6-2",NA,"2015","56","26"
" 4","Los Angeles Clippers","56-26","30-11","26-15","3-5","33-9","2-0","9-5","11-6","11-4","5-6","11-5","7-0",NA,"2015","56","26"
" 5","Memphis Grizzlies","55-27","31-10","24-17","9-3","26-13","2-0","13-2","8-6","12-4","7-4","9-8","4-3",NA,"2015","55","27"
" 6","San Antonio Spurs","55-27","33-8","22-19","6-7","34-7","1-1","11-3","8-10","10-4","6-5","12-3","7-1",NA,"2015","55","27"
" 7","Cleveland Cavaliers","53-29","31-10","22-19","6-4","30-14","1-1","7-6","10-7","11-6","8-3","11-4","5-2",NA,"2015","53","29"
" 8","Portland Trail Blazers","51-31","32-9","19-22","5-1","30-11","1-1","12-3","13-3","6-9","6-3","10-6","3-6",NA,"2015","51","31"
" 9","Chicago Bulls","50-32","27-14","23-18","7-2","20-16","1-1","10-5","11-4","8-9","7-3","8-7","5-3",NA,"2015","50","32"
"10","Dallas Mavericks","50-32","27-14","23-18","5-4","22-18","1-1","12-4","10-5","9-7","7-5","6-7","5-3",NA,"2015","50","32"
"11","Toronto Raptors","49-33","27-14","22-19","6-5","29-11","1-0","12-4","11-4","9-7","4-7","7-8","5-3",NA,"2015","49","33"
"12","Washington Wizards","46-36","29-12","17-24","9-4","21-14","1-1","9-4","12-4","9-8","3-9","7-7","5-3",NA,"2015","46","36"
"13","New Orleans Pelicans","45-37","28-13","17-24","10-4","19-14","1-0","6-8","9-8","9-6","6-5","8-7","6-3",NA,"2015","45","37"
"14","Oklahoma City Thunder","45-37","29-12","16-25","4-8","26-14","0-2","5-10","11-5","7-7","9-3","10-5","3-5",NA,"2015","45","37"
"15","Milwaukee Bucks","41-41","23-18","18-23","5-9","17-16","1-1","9-7","7-8","8-6","7-5","4-11","5-3",NA,"2015","41","41"
"16","Boston Celtics","40-42","21-20","19-22","8-6","17-14","1-0","3-10","7-8","5-11","7-4","10-8","7-1",NA,"2015","40","42"
"17","Phoenix Suns","39-43","22-19","17-24","4-12","14-19","2-0","8-8","8-8","10-5","3-8","7-8","1-6",NA,"2015","39","43"
"18","Brooklyn Nets","38-44","19-22","19-22","10-2","15-23","0-1","6-8","9-7","3-12","6-5","9-7","5-4",NA,"2015","38","44"
"19","Indiana Pacers","38-44","23-18","15-26","4-12","19-20","1-1","6-9","5-11","5-11","7-2","8-8","6-2",NA,"2015","38","44"
"20","Utah Jazz","38-44","21-20","17-24","5-10","18-19","0-2","5-10","6-9","6-9","6-5","10-6","5-3",NA,"2015","38","44"
"21","Miami Heat","37-45","20-21","17-24","4-10","15-28","1-0","8-7","5-12","6-7","5-7","9-7","3-5",NA,"2015","37","45"
"22","Charlotte Hornets","33-49","19-22","14-27","6-8","13-22","1-0","3-14","6-9","10-4","3-6","8-9","2-7",NA,"2015","33","49"
"23","Detroit Pistons","32-50","18-23","14-27","7-6","19-25","0-2","3-12","5-9","10-7","5-6","6-9","3-5",NA,"2015","32","50"
"24","Denver Nuggets","30-52","19-22","11-30","4-4","17-28","1-0","7-8","5-11","6-10","1-9","8-8","2-6",NA,"2015","30","52"
"25","Sacramento Kings","29-53","18-23","11-30","6-4","12-28","1-1","8-7","4-11","4-10","3-7","6-11","3-6",NA,"2015","29","53"
"26","Orlando Magic","25-57","13-28","12-29","6-8","4-27","0-2","7-10","6-10","2-13","4-6","3-11","3-5",NA,"2015","25","57"
"27","Los Angeles Lakers","21-61","12-29","9-32","6-6","5-30","0-3","4-10","6-9","3-12","3-7","4-12","1-8",NA,"2015","21","61"
"28","Philadelphia 76ers","18-64","12-29","6-35","3-7","5-41","0-2","0-14","4-10","6-12","3-7","5-12","0-7",NA,"2015","18","64"
"29","New York Knicks","17-65","10-31","7-34","2-7","3-39","1-1","3-13","1-15","4-9","3-8","2-14","3-5",NA,"2015","17","65"
"30","Minnesota Timberwolves","16-66","9-32","7-34","6-6","4-40","1-1","3-10","1-14","3-14","5-6","3-13","0-8",NA,"2015","16","66"
" 1","Golden State Warriors","73-9","39-2","34-7","7-2","44-5","3-0","16-0","11-2","14-2","9-1","15-2","5-2",NA,"2016","73","9"
" 2","San Antonio Spurs","67-15","40-1","27-14","4-4","44-6","1-1","13-3","14-2","11-2","11-1","13-3","4-3",NA,"2016","67","15"
" 3","Cleveland Cavaliers","57-25","33-8","24-17","4-7","32-8","2-1","11-3","8-5","13-3","8-5","11-5","4-3",NA,"2016","57","25"
" 4","Toronto Raptors","56-26","32-9","24-17","6-6","28-10","2-0","9-7","9-6","12-2","7-4","11-5","6-2",NA,"2016","56","26"
" 5","Oklahoma City Thunder","55-27","32-9","23-18","8-6","33-5","2-0","9-7","12-3","13-3","6-5","11-5","2-4",NA,"2016","55","27"
" 6","Los Angeles Clippers","53-29","29-12","24-17","8-4","28-15","3-0","7-8","11-5","11-3","7-4","8-8","6-1",NA,"2016","53","29"
" 7","Atlanta Hawks","48-34","27-14","21-20","5-7","29-17","2-1","10-7","9-5","6-9","6-5","12-4","3-3",NA,"2016","48","34"
" 8","Boston Celtics","48-34","28-13","20-21","5-7","26-13","1-1","9-7","8-6","9-8","9-3","7-7","5-2",NA,"2016","48","34"
" 9","Charlotte Hornets","48-34","30-11","18-23","6-5","25-17","0-2","10-5","7-7","6-11","7-3","13-3","5-3",NA,"2016","48","34"
"10","Miami Heat","48-34","28-13","20-21","7-5","24-20","1-1","9-5","8-7","9-8","6-5","10-5","5-3",NA,"2016","48","34"
"11","Indiana Pacers","45-37","26-15","19-22","9-9","21-13","0-3","11-2","7-9","7-8","6-7","8-7","6-1",NA,"2016","45","37"
"12","Detroit Pistons","44-38","26-15","18-23","6-5","21-20","3-0","6-9","9-6","7-8","6-6","9-6","4-3",NA,"2016","44","38"
"13","Portland Trail Blazers","44-38","28-13","16-25","2-7","23-21","1-2","6-9","7-10","9-5","9-2","8-8","4-2",NA,"2016","44","38"
"14","Dallas Mavericks","42-40","23-18","19-22","6-11","19-18","1-1","9-7","9-5","9-9","4-6","5-10","5-2",NA,"2016","42","40"
"15","Memphis Grizzlies","42-40","26-15","16-25","8-3","15-23","2-1","8-7","8-8","10-4","7-4","6-10","1-6",NA,"2016","42","40"
"16","Chicago Bulls","42-40","26-15","16-25","10-4","14-19","2-1","8-4","8-7","8-8","4-8","8-9","4-3",NA,"2016","42","40"
"17","Houston Rockets","41-41","23-18","18-23","5-8","14-18","0-2","7-9","9-7","9-7","4-6","8-8","4-2",NA,"2016","41","41"
"18","Washington Wizards","41-41","22-19","19-22","7-6","22-22","2-1","4-7","8-8","7-8","8-6","7-9","5-2",NA,"2016","41","41"
"19","Utah Jazz","40-42","24-17","16-25","6-8","23-13","2-1","6-7","6-9","7-8","7-6","9-7","3-4",NA,"2016","40","42"
"20","Orlando Magic","35-47","23-18","12-29","6-10","12-20","0-2","9-6","10-5","2-12","5-7","6-11","3-4",NA,"2016","35","47"
"21","Denver Nuggets","33-49","18-23","15-26","10-5","11-21","1-1","5-11","6-9","6-9","5-7","9-8","1-4",NA,"2016","33","49"
"22","Milwaukee Bucks","33-49","23-18","10-31","6-4","12-27","0-2","7-9","6-10","7-8","5-6","6-9","2-5",NA,"2016","33","49"
"23","Sacramento Kings","33-49","18-23","15-26","8-4","11-19","1-2","6-10","5-8","8-7","4-7","6-11","3-4",NA,"2016","33","49"
"24","New York Knicks","32-50","18-23","14-27","4-7","14-23","2-1","6-9","7-8","8-9","2-9","5-10","2-4",NA,"2016","32","50"
"25","New Orleans Pelicans","30-52","21-20","9-32","5-5","11-23","0-3","4-10","6-9","8-6","5-7","5-12","2-5",NA,"2016","30","52"
"26","Minnesota Timberwolves","29-53","14-27","15-26","7-7","9-23","2-0","6-9","4-12","2-14","5-6","6-9","4-3",NA,"2016","29","53"
"27","Phoenix Suns","23-59","14-27","9-32","4-5","10-32","2-1","6-8","4-14","2-12","1-9","5-11","3-4",NA,"2016","23","59"
"28","Brooklyn Nets","21-61","14-27","7-34","7-4","6-34","0-3","4-10","5-10","3-13","5-7","4-11","0-7",NA,"2016","21","61"
"29","Los Angeles Lakers","17-65","12-29","5-36","2-7","4-44","0-2","2-12","4-13","3-14","2-8","5-10","1-6",NA,"2016","17","65"
"30","Philadelphia 76ers","10-72","7-34","3-38","0-6","5-41","0-2","0-16","3-13","4-10","1-11","1-14","1-6",NA,"2016","10","72"
" 1","Golden State Warriors","67-15","36-5","31-10","3-4","48-6","2-1","14-1","13-3","12-2","9-3","12-4","5-1",NA,"2017","67","15"
" 2","San Antonio Spurs","61-21","31-10","30-11","8-5","30-8","4-0","11-4","12-2","10-5","8-2","13-4","3-4",NA,"2017","61","21"
" 3","Houston Rockets","55-27","30-11","25-16","8-3","30-11","2-1","9-6","15-2","10-7","6-3","9-6","4-2",NA,"2017","55","27"
" 4","Boston Celtics","53-29","30-11","23-18","7-6","17-11","2-1","8-7","10-6","10-4","8-4","11-5","4-2",NA,"2017","53","29"
" 5","Cleveland Cavaliers","51-31","31-10","20-21","3-4","25-15","3-0","10-3","12-4","7-8","9-2","7-10","3-4",NA,"2017","51","31"
" 6","Los Angeles Clippers","51-31","29-12","22-19","3-6","33-14","3-0","11-5","8-9","8-4","6-5","10-8","5-0",NA,"2017","51","31"
" 7","Toronto Raptors","51-31","28-13","23-18","8-7","26-8","2-1","10-5","10-4","8-9","6-5","10-6","5-1",NA,"2017","51","31"
" 8","Utah Jazz","51-31","29-12","22-19","4-4","23-10","1-2","10-6","10-5","9-6","7-4","10-6","4-2",NA,"2017","51","31"
" 9","Washington Wizards","49-33","30-11","19-22","9-6","18-12","0-2","6-9","10-5","12-4","7-3","11-7","3-3",NA,"2017","49","33"
"10","Oklahoma City Thunder","47-35","28-13","19-22","12-7","23-21","3-0","9-8","9-5","7-8","7-4","8-7","4-3",NA,"2017","47","35"
"11","Atlanta Hawks","43-39","23-18","20-21","7-8","17-21","3-0","7-9","7-7","11-4","5-6","6-10","4-3",NA,"2017","43","39"
"12","Memphis Grizzlies","43-39","24-17","19-22","7-5","17-20","2-1","9-7","11-6","7-7","7-4","6-9","1-5",NA,"2017","43","39"
"13","Indiana Pacers","42-40","29-12","13-28","4-2","23-19","1-2","8-8","7-8","9-4","6-7","6-10","5-1",NA,"2017","42","40"
"14","Milwaukee Bucks","42-40","23-18","19-22","8-2","21-22","1-2","7-6","8-8","5-10","5-6","14-4","2-4",NA,"2017","42","40"
"15","Chicago Bulls","41-41","25-16","16-25","5-6","17-23","3-0","7-7","6-11","8-7","6-5","6-9","5-2",NA,"2017","41","41"
"16","Portland Trail Blazers","41-41","25-16","16-25","7-11","18-16","2-1","8-9","4-11","8-7","2-7","13-3","4-3",NA,"2017","41","41"
"17","Miami Heat","41-41","23-18","18-23","8-6","19-13","1-2","5-10","4-12","9-6","8-3","10-6","4-2",NA,"2017","41","41"
"18","Denver Nuggets","40-42","22-19","18-23","5-10","24-19","1-2","6-9","7-8","7-7","6-7","8-7","5-2",NA,"2017","40","42"
"19","Detroit Pistons","37-45","24-17","13-28","5-7","23-26","2-1","8-9","5-10","6-7","8-4","6-11","2-3",NA,"2017","37","45"
"20","Charlotte Hornets","36-46","22-19","14-27","0-9","19-18","2-1","8-7","9-7","4-11","3-8","9-7","1-5",NA,"2017","36","46"
"21","New Orleans Pelicans","34-48","21-20","13-28","7-6","17-22","0-3","7-9","7-9","5-9","4-7","10-6","1-5",NA,"2017","34","48"
"22","Dallas Mavericks","33-49","21-20","12-29","4-6","14-26","0-3","3-11","7-10","8-6","6-5","7-9","2-5",NA,"2017","33","49"
"23","Sacramento Kings","32-50","17-24","15-26","10-6","9-27","2-2","5-9","7-8","5-11","6-5","4-12","3-3",NA,"2017","32","50"
"24","Minnesota Timberwolves","31-51","20-21","11-30","7-10","18-19","0-2","5-11","6-9","8-7","5-7","6-8","1-7",NA,"2017","31","51"
"25","New York Knicks","31-51","19-22","12-29","7-10","10-25","1-1","8-8","7-8","5-12","3-7","5-11","2-4",NA,"2017","31","51"
"26","Orlando Magic","29-53","16-25","13-28","5-5","10-32","0-3","7-8","8-8","4-12","3-7","5-11","2-4",NA,"2017","29","53"
"27","Philadelphia 76ers","28-54","17-24","11-30","9-8","7-29","0-2","4-12","4-10","10-5","4-8","6-11","0-6",NA,"2017","28","54"
"28","Los Angeles Lakers","26-56","17-24","9-32","2-4","14-31","1-2","9-8","2-14","5-10","2-8","2-12","5-2",NA,"2017","26","56"
"29","Phoenix Suns","24-58","15-26","9-32","9-5","7-32","0-4","6-9","4-11","5-9","3-9","4-12","2-4",NA,"2017","24","58"
"30","Brooklyn Nets","20-62","13-28","7-34","3-6","9-30","1-3","4-9","3-12","1-15","0-10","7-10","4-3",NA,"2017","20","62"
" 1","Houston Rockets","65-17","34-7","31-10","5-3","38-8","5-3","12-1","9-5","10-4","12-0","14-1","3-3",NA,"2018","65","17"
" 2","Toronto Raptors","59-23","34-7","25-16","5-7","33-5","4-2","9-5","11-3","10-5","9-2","12-4","4-2",NA,"2018","59","23"
" 3","Golden State Warriors","58-24","29-12","29-12","5-1","38-13","5-3","11-3","13-2","11-3","8-3","7-7","3-3",NA,"2018","58","24"
" 4","Boston Celtics","55-27","27-14","28-13","11-8","25-9","5-2","14-2","11-6","7-5","7-4","9-4","2-4",NA,"2018","55","27"
" 5","Philadelphia 76ers","52-30","30-11","22-19","4-7","31-11","3-4","9-5","5-10","7-5","8-3","13-3","7-0",NA,"2018","52","30"
" 6","Cleveland Cavaliers","50-32","29-12","21-20","8-5","17-20","3-4","12-3","9-5","6-8","6-4","10-6","4-2",NA,"2018","50","32"
" 7","Portland Trail Blazers","49-33","28-13","21-20","8-8","20-12","4-3","9-6","5-8","11-5","6-4","12-3","2-4",NA,"2018","49","33"
" 8","Indiana Pacers","48-34","27-14","21-20","11-2","20-16","4-3","8-7","7-8","10-5","5-4","11-4","3-3",NA,"2018","48","34"
" 9","New Orleans Pelicans","48-34","24-17","24-17","7-3","19-16","3-4","8-6","7-8","9-5","8-3","8-7","5-1",NA,"2018","48","34"
"10","Oklahoma City Thunder","48-34","27-14","21-20","8-10","24-11","4-3","4-9","12-5","10-4","6-6","8-6","4-1",NA,"2018","48","34"
"11","Utah Jazz","48-34","28-13","20-21","4-5","31-19","4-3","7-8","5-10","6-7","9-2","12-3","5-1",NA,"2018","48","34"
"12","Minnesota Timberwolves","47-35","30-11","17-24","7-7","25-12","4-3","9-6","10-5","9-8","6-4","6-7","3-2",NA,"2018","47","35"
"13","San Antonio Spurs","47-35","33-8","14-27","8-10","25-17","4-3","10-4","11-5","9-7","2-7","8-6","3-3",NA,"2018","47","35"
"14","Denver Nuggets","46-36","31-10","15-26","10-5","21-15","3-4","9-5","7-8","7-8","7-3","8-7","5-1",NA,"2018","46","36"
"15","Miami Heat","44-38","26-15","18-23","9-9","16-13","2-4","8-7","9-6","10-5","3-7","9-7","3-2",NA,"2018","44","38"
"16","Milwaukee Bucks","44-38","25-16","19-22","7-4","14-16","4-3","7-6","8-6","8-7","6-6","8-7","3-3",NA,"2018","44","38"
"17","Washington Wizards","43-39","23-18","20-21","5-7","22-12","4-2","7-8","10-6","7-6","8-4","6-8","1-5",NA,"2018","43","39"
"18","Los Angeles Clippers","42-40","22-19","20-21","8-2","22-19","4-2","4-10","8-7","9-6","7-3","9-7","1-5",NA,"2018","42","40"
"19","Detroit Pistons","39-43","25-16","14-27","4-7","19-23","5-3","9-3","6-9","3-11","6-6","7-8","3-3",NA,"2018","39","43"
"20","Charlotte Hornets","36-46","21-20","15-26","1-5","23-23","4-3","4-9","5-11","8-6","7-5","6-9","2-3",NA,"2018","36","46"
"21","Los Angeles Lakers","35-47","20-21","15-26","6-7","18-21","3-4","5-9","3-11","8-7","7-3","7-8","2-5",NA,"2018","35","47"
"22","New York Knicks","29-53","19-22","10-31","2-7","15-30","3-3","8-7","7-8","5-11","1-9","3-12","2-3",NA,"2018","29","53"
"23","Brooklyn Nets","28-54","15-26","13-28","5-7","9-27","3-5","5-8","5-10","6-10","1-9","5-9","3-3",NA,"2018","28","54"
"24","Chicago Bulls","27-55","17-24","10-31","9-5","6-30","1-4","2-13","10-6","5-10","2-8","5-10","2-4",NA,"2018","27","55"
"25","Sacramento Kings","27-55","14-27","13-28","6-5","5-32","1-6","5-9","6-9","4-10","2-9","6-10","3-2",NA,"2018","27","55"
"26","Orlando Magic","25-57","17-24","8-33","3-5","10-27","5-2","4-11","3-12","3-10","3-8","4-10","3-4",NA,"2018","25","57"
"27","Atlanta Hawks","24-58","16-25","8-33","6-8","8-35","1-6","3-11","6-9","5-10","4-7","2-12","3-3",NA,"2018","24","58"
"28","Dallas Mavericks","24-58","15-26","9-32","2-9","11-20","1-7","4-10","8-8","3-11","3-7","4-10","1-5",NA,"2018","24","58"
"29","Memphis Grizzlies","22-60","16-25","6-35","5-12","8-26","5-2","2-11","5-12","6-7","0-10","3-13","1-5",NA,"2018","22","60"
"30","Phoenix Suns","21-61","10-31","11-30","6-5","5-40","3-4","5-11","6-9","4-10","1-10","0-14","2-3",NA,"2018","21","61"
" 1","Milwaukee Bucks","60-22","33-8","27-14","5-6","45-5","7-0","8-6","10-4","12-3","10-1","10-6","3-2",NA,"2019","60","22"
" 2","Toronto Raptors","58-24","32-9","26-15","11-7","33-9","7-1","12-3","8-7","10-5","8-1","9-6","4-1",NA,"2019","58","24"
" 3","Golden State Warriors","57-25","30-11","27-14","7-7","34-10","8-1","7-7","10-5","11-2","7-4","9-5","5-1",NA,"2019","57","25"
" 4","Denver Nuggets","54-28","34-7","20-21","13-3","23-11","6-1","9-6","8-4","12-4","7-4","9-6","3-3",NA,"2019","54","28"
" 5","Houston Rockets","53-29","31-10","22-19","5-7","29-12","1-5","9-6","11-4","8-6","8-4","12-3","4-1",NA,"2019","53","29"
" 6","Portland Trail Blazers","53-29","32-9","21-20","4-6","29-8","5-2","8-7","8-7","11-4","6-3","10-5","5-1",NA,"2019","53","29"
" 7","Philadelphia 76ers","51-31","31-10","20-21","10-8","22-16","4-4","12-4","7-6","11-4","6-4","9-5","2-4",NA,"2019","51","31"
" 8","Utah Jazz","50-32","29-12","21-20","0-7","34-12","4-3","7-9","7-7","11-4","6-3","11-4","4-2",NA,"2019","50","32"
" 9","Boston Celtics","49-33","28-13","21-20","5-6","24-12","5-2","7-8","9-5","11-4","5-6","8-7","4-1",NA,"2019","49","33"
"10","Oklahoma City Thunder","49-33","27-14","22-19","6-7","23-12","2-4","12-3","9-6","9-5","6-5","6-10","5-0",NA,"2019","49","33"
"11","Indiana Pacers","48-34","29-12","19-22","6-6","23-16","5-3","8-6","12-3","7-7","9-3","4-10","3-2",NA,"2019","48","34"
"12","Los Angeles Clippers","48-34","26-15","22-19","6-2","23-18","4-3","11-3","6-9","7-9","6-5","13-2","1-3",NA,"2019","48","34"
"13","San Antonio Spurs","48-34","32-9","16-25","7-4","25-16","5-2","5-10","11-5","10-5","3-7","10-4","4-1",NA,"2019","48","34"
"14","Brooklyn Nets","42-40","23-18","19-22","12-8","16-22","3-5","5-10","9-6","11-4","4-6","7-7","3-2",NA,"2019","42","40"
"15","Orlando Magic","42-40","25-16","17-24","5-6","21-21","2-5","9-7","5-8","5-11","8-3","9-5","4-1",NA,"2019","42","40"
"16","Detroit Pistons","41-41","26-15","15-26","6-9","16-21","4-3","8-4","4-11","6-10","7-3","10-6","2-4",NA,"2019","41","41"
"17","Charlotte Hornets","39-43","25-16","14-27","6-10","21-20","4-4","7-7","7-7","6-8","4-7","7-8","4-2",NA,"2019","39","43"
"18","Miami Heat","39-43","19-22","20-21","6-9","16-20","3-4","5-9","9-5","7-7","3-9","11-4","1-5",NA,"2019","39","43"
"19","Sacramento Kings","39-43","24-17","15-26","6-7","16-18","5-3","5-8","9-6","7-8","5-5","7-9","1-4",NA,"2019","39","43"
"20","Los Angeles Lakers","37-45","22-19","15-26","5-4","16-25","3-5","10-4","8-7","6-9","3-6","5-11","2-3",NA,"2019","37","45"
"21","Minnesota Timberwolves","36-46","25-16","11-30","8-5","19-22","4-4","7-7","6-9","8-6","4-7","5-9","2-4",NA,"2019","36","46"
"22","Dallas Mavericks","33-49","24-17","9-32","7-7","12-22","2-6","8-4","7-9","6-9","4-6","3-12","3-3",NA,"2019","33","49"
"23","Memphis Grizzlies","33-49","21-20","12-29","6-9","14-19","4-2","9-6","5-10","2-14","4-7","7-7","2-3",NA,"2019","33","49"
"24","New Orleans Pelicans","33-49","19-22","14-27","4-6","15-20","4-3","7-9","6-9","6-8","4-7","5-10","1-3",NA,"2019","33","49"
"25","Washington Wizards","32-50","22-19","10-31","5-6","14-23","1-6","7-8","6-9","8-6","3-7","7-10","0-4",NA,"2019","32","50"
"26","Atlanta Hawks","29-53","17-24","12-29","9-6","7-31","2-5","3-13","6-7","5-9","5-7","7-8","1-4",NA,"2019","29","53"
"27","Chicago Bulls","22-60","9-32","13-28","8-8","9-31","2-6","3-12","5-9","2-13","5-5","4-11","1-4",NA,"2019","22","60"
"28","Cleveland Cavaliers","19-63","13-28","6-35","5-4","6-43","1-6","3-11","4-12","3-12","4-6","4-11","0-5",NA,"2019","19","63"
"29","Phoenix Suns","19-63","12-29","7-34","5-5","5-40","1-6","3-12","5-11","2-13","1-8","5-10","2-3",NA,"2019","19","63"
"30","New York Knicks","17-65","9-32","8-33","4-7","6-41","2-6","5-10","2-12","1-12","3-9","1-13","3-3",NA,"2019","17","65"
